job1,job2,start_time,end_time
APPO_SRC_TO_STG_LOAD,CONTRACTS_SRC_TO_STG_LOAD,08-01-2021 00:09,08-01-2021 00:18
CONTRACTS_SRC_TO_STG_LOAD,Callidus_QMT,08-01-2021 00:10,08-01-2021 00:14
Callidus_QMT,EDW_Revenue_Accrual,08-01-2021 00:11,08-01-2021 00:15
AR_SRC_TO_STG_LOAD,EDW_Revenue_Accrual,08-01-2021 00:17,08-01-2021 00:23
Common_Entities_3NF,EDW_Revenue_Accrual,08-01-2021 00:48,08-01-2021 01:19
Common_Dimensions,Account_Research_3NF,08-01-2021 01:19,08-01-2021 01:30
Account_Research_3NF,Concur_STG,08-01-2021 01:30,08-01-2021 02:02
Concur_STG,Appo_DM,08-01-2021 01:30,08-01-2021 01:31
Appo_DM,EDW_Revenue_Accrual,08-01-2021 01:32,08-01-2021 01:52
Account_Research_DM,Adobe_CIF_Load,08-01-2021 02:14,08-01-2021 02:51
Adobe_CIF_Load,Callidus_QMT,08-01-2021 02:16,08-01-2021 02:30
Customer_Support_DM,Callidus_QMT,08-01-2021 04:21,08-01-2021 04:57
EDW_AIB_OO,Concur_Ctas,08-01-2021 04:26,08-01-2021 04:52
6AM_HR_STG,6AM_GL_STG,08-01-2021 06:00,08-01-2021 06:06
6AM_GL_STG,EDW_Revenue_Accrual,08-01-2021 06:01,08-01-2021 06:11
6AM_GL_3NF,6AM_CD,08-01-2021 06:21,08-01-2021 06:29
6AM_CD,Callidus_QMT,08-01-2021 06:23,08-01-2021 06:27
6AM_GL_DM,EDW_Revenue_Accrual,08-01-2021 06:37,08-01-2021 06:38
1PMCST_General_Ledger_load,Callidus_QMT,08-01-2021 13:35,08-01-2021 14:03
APPO_SRC_TO_STG_LOAD,CONTRACTS_SRC_TO_STG_LOAD,09-01-2021 00:09,09-01-2021 00:20
Common_Entities_3NF,Concur_STG,09-01-2021 01:30,09-01-2021 01:39
Account_Research_3NF,Common_Dimensions,09-01-2021 01:39,09-01-2021 02:38
Common_Dimensions,Adobe_STG,09-01-2021 01:45,09-01-2021 01:52
Concur_Ctas,Adobe_CIF_Load,09-01-2021 02:16,09-01-2021 02:19
Account_Research_DM,CSOD_STG,09-01-2021 03:00,09-01-2021 03:25
CSOD_STG,EDW_AIB_OO,09-01-2021 03:00,09-01-2021 03:32
EDW_AIB_OO,Customer_Support_DM,09-01-2021 03:40,09-01-2021 03:50
6AM_GL_STG,6AM_HR_STG,09-01-2021 06:00,09-01-2021 06:12
6AM_GL_3NF,6AM_CD,09-01-2021 06:23,09-01-2021 06:34
EDW_Revenue_Accrual,Callidus_QMT,09-01-2021 07:48,09-01-2021 09:53
1PMCST_General_Ledger_load,EDW_Revenue_Accrual,09-01-2021 13:02,09-01-2021 14:02
Callidus_QMT,EDW_Revenue_Accrual,09-01-2021 20:09,09-01-2021 20:10
APPO_SRC_TO_STG_LOAD,CONTRACTS_SRC_TO_STG_LOAD,10-01-2021 00:09,10-01-2021 00:18
CONTRACTS_SRC_TO_STG_LOAD,Callidus_QMT,10-01-2021 00:10,10-01-2021 00:14
Concur_STG,Common_Dimensions,10-01-2021 01:30,10-01-2021 01:34
Common_Dimensions,Account_Research_3NF,10-01-2021 01:30,10-01-2021 01:49
Account_Research_3NF,Adobe_STG,10-01-2021 01:45,10-01-2021 02:34
Concur_Ctas,Adobe_CIF_Load,10-01-2021 02:17,10-01-2021 02:19
Adobe_CIF_Load,Callidus_QMT,10-01-2021 02:20,10-01-2021 02:33
Account_Research_DM,CSOD_STG,10-01-2021 03:00,10-01-2021 03:21
CSOD_STG,EDW_AIB_OO,10-01-2021 03:03,10-01-2021 04:22
EDW_AIB_OO,Callidus_QMT,10-01-2021 03:22,10-01-2021 03:46
Customer_Support_DM,Callidus_QMT,10-01-2021 04:23,10-01-2021 04:50
6AM_HR_STG,6AM_GL_STG,10-01-2021 06:00,10-01-2021 06:05
6AM_GL_3NF,6AM_CD,10-01-2021 06:23,10-01-2021 06:33
6AM_CD,Callidus_QMT,10-01-2021 06:26,10-01-2021 06:29
1PMCST_General_Ledger_load,Callidus_QMT,10-01-2021 13:39,10-01-2021 14:05
Callidus_QMT,EDW_Revenue_Accrual,10-01-2021 23:46,10-02-2021 01:09
APPO_SRC_TO_STG_LOAD,CONTRACTS_SRC_TO_STG_LOAD,08-02-2021 00:09,08-02-2021 00:19
CONTRACTS_SRC_TO_STG_LOAD,Callidus_QMT,08-02-2021 00:10,08-02-2021 00:13
Common_Entities_3NF,Concur_STG,08-02-2021 01:11,08-02-2021 01:25
Account_Research_3NF,Common_Dimensions,08-02-2021 01:25,08-02-2021 02:15
Adobe_CIF_Load,Account_Research_DM,08-02-2021 02:16,08-02-2021 02:31
Account_Research_DM,Callidus_QMT,08-02-2021 02:17,08-02-2021 03:02
EDW_AIB_OO,Callidus_QMT,08-02-2021 03:22,08-02-2021 03:32
Customer_Support_DM,Callidus_QMT,08-02-2021 04:24,08-02-2021 04:47
6AM_GL_STG,6AM_HR_STG,08-02-2021 06:00,08-02-2021 06:12
6AM_CD,6AM_GL_3NF,08-02-2021 06:23,08-02-2021 06:29
6AM_GL_3NF,Callidus_QMT,08-02-2021 06:27,08-02-2021 06:33
1PMCST_General_Ledger_load,Callidus_QMT,08-02-2021 13:39,08-02-2021 14:07
Callidus_QMT,EDW_Revenue_Accrual,08-02-2021 16:44,08-02-2021 16:45
Callidus_QMT,EDW_Revenue_Accrual,08-02-2021 21:55,08-03-2021 01:03
APPO_SRC_TO_STG_LOAD,CONTRACTS_SRC_TO_STG_LOAD,09-02-2021 00:09,09-02-2021 00:20
CONTRACTS_SRC_TO_STG_LOAD,Callidus_QMT,09-02-2021 00:10,09-02-2021 00:14
Callidus_QMT,AR_SRC_TO_STG_LOAD,09-02-2021 00:15,09-02-2021 02:42
Common_Entities_3NF,Concur_STG,09-02-2021 01:30,09-02-2021 01:31
Concur_STG,Account_Research_3NF,09-02-2021 01:31,09-02-2021 01:33
Account_Research_3NF,Common_Dimensions,09-02-2021 01:31,09-02-2021 02:36
Common_Dimensions,Adobe_STG,09-02-2021 01:45,09-02-2021 01:51
Appo_DM,Adobe_CIF_Load,09-02-2021 02:18,09-02-2021 02:19
Adobe_CIF_Load,Concur_Ctas,09-02-2021 02:19,09-02-2021 02:34
Account_Research_DM,CSOD_STG,09-02-2021 03:00,09-02-2021 03:24
CSOD_STG,EDW_AIB_OO,09-02-2021 03:00,09-02-2021 03:33
EDW_AIB_OO,Customer_Support_DM,09-02-2021 03:40,09-02-2021 03:49
Customer_Support_DM,Callidus_QMT,09-02-2021 03:42,09-02-2021 04:54
EDW_AIB_REVACC,6AM_GL_STG,09-02-2021 06:00,09-02-2021 06:19
6AM_GL_STG,6AM_HR_STG,09-02-2021 06:00,09-02-2021 06:12
6AM_CD,6AM_GL_3NF,09-02-2021 06:24,09-02-2021 06:30
1PMCST_General_Ledger_load,Callidus_QMT,09-02-2021 13:59,09-02-2021 14:04
APPO_SRC_TO_STG_LOAD,CONTRACTS_SRC_TO_STG_LOAD,10-02-2021 00:09,10-02-2021 00:19
CONTRACTS_SRC_TO_STG_LOAD,Callidus_QMT,10-02-2021 00:10,10-02-2021 00:14
Common_Entities_3NF,EDW_Revenue_Accrual,10-02-2021 00:47,10-02-2021 01:23
Common_Dimensions,Account_Research_3NF,10-02-2021 01:23,10-02-2021 01:34
Account_Research_3NF,EDW_Revenue_Accrual,10-02-2021 01:29,10-02-2021 02:15
Appo_DM,EDW_Revenue_Accrual,10-02-2021 01:35,10-02-2021 01:56
Concur_Ctas,EDW_Revenue_Accrual,10-02-2021 01:58,10-02-2021 01:59
Account_Research_DM,Adobe_CIF_Load,10-02-2021 02:16,10-02-2021 03:05
Adobe_CIF_Load,EDW_Revenue_Accrual,10-02-2021 02:18,10-02-2021 02:35
EDW_AIB_OO,CSOD_STG,10-02-2021 03:00,10-02-2021 03:30
CSOD_STG,Callidus_QMT,10-02-2021 03:15,10-02-2021 04:21
Customer_Support_DM,Customer_Count,10-02-2021 04:00,10-02-2021 04:44
6AM_HR_STG,6AM_GL_STG,10-02-2021 06:00,10-02-2021 06:06
6AM_CE_3NF,Callidus_QMT,10-02-2021 06:20,10-02-2021 06:21
6AM_CD,6AM_GL_3NF,10-02-2021 06:21,10-02-2021 06:27
1PMCST_General_Ledger_load,Callidus_QMT,10-02-2021 13:32,10-02-2021 14:00
APPO_SRC_TO_STG_LOAD,CONTRACTS_SRC_TO_STG_LOAD,08-03-2021 00:09,08-03-2021 00:20
CONTRACTS_SRC_TO_STG_LOAD,Callidus_QMT,08-03-2021 00:10,08-03-2021 00:13
Common_Entities_3NF,Callidus_QMT,08-03-2021 01:11,08-03-2021 01:32
Common_Dimensions,Account_Research_3NF,08-03-2021 01:33,08-03-2021 01:45
Account_Research_3NF,Appo_DM,08-03-2021 01:45,08-03-2021 02:26
Appo_DM,Adobe_STG,08-03-2021 01:45,08-03-2021 02:11
Adobe_CIF_Load,Account_Research_DM,08-03-2021 02:26,08-03-2021 02:31
Account_Research_DM,EDW_AIB_OO,08-03-2021 03:00,08-03-2021 03:12
EDW_AIB_OO,Callidus_QMT,08-03-2021 03:15,08-03-2021 03:37
Customer_Support_DM,Callidus_QMT,08-03-2021 04:17,08-03-2021 04:53
6AM_GL_STG,6AM_HR_STG,08-03-2021 06:00,08-03-2021 06:12
6AM_CE_3NF,Callidus_QMT,08-03-2021 06:20,08-03-2021 06:24
6AM_CD,6AM_GL_3NF,08-03-2021 06:24,08-03-2021 06:30
1PMCST_General_Ledger_load,Callidus_QMT,08-03-2021 13:32,08-03-2021 14:07
Callidus_QMT,APPO_SRC_TO_STG_LOAD,09-03-2021 00:05,08-04-2021 01:11
APPO_SRC_TO_STG_LOAD,CONTRACTS_SRC_TO_STG_LOAD,09-03-2021 00:09,09-03-2021 00:19
CONTRACTS_SRC_TO_STG_LOAD,Callidus_QMT,09-03-2021 00:10,09-03-2021 00:13
AR_SRC_TO_STG_LOAD,EDW_Revenue_Accrual,09-03-2021 00:20,09-03-2021 00:23
Common_Entities_3NF,EDW_Revenue_Accrual,09-03-2021 01:01,09-03-2021 01:28
Callidus_QMT,EDW_Revenue_Accrual,09-03-2021 01:17,09-03-2021 03:52
Common_Dimensions,Account_Research_3NF,09-03-2021 01:28,09-03-2021 01:40
Account_Research_3NF,Concur_STG,09-03-2021 01:30,09-03-2021 02:25
Appo_DM,Adobe_STG,09-03-2021 01:45,09-03-2021 02:07
Adobe_CIF_Load,EDW_Revenue_Accrual,09-03-2021 02:19,09-03-2021 02:36
Account_Research_DM,EDW_Revenue_Accrual,09-03-2021 02:29,09-03-2021 03:51
CSOD_STG,EDW_Revenue_Accrual,09-03-2021 03:02,09-03-2021 03:51
EDW_AIB_OO,EDW_Revenue_Accrual,09-03-2021 03:48,09-03-2021 04:19
Customer_Support_DM,Callidus_QMT,09-03-2021 04:52,09-03-2021 05:08
EDW_AIB_REVACC,EDW_Revenue_Accrual,09-03-2021 05:03,09-03-2021 05:25
6AM_HR_STG,EDW_Revenue_Accrual,09-03-2021 06:00,09-03-2021 06:06
6AM_GL_STG,EDW_Revenue_Accrual,09-03-2021 06:10,09-03-2021 06:12
6AM_CD,6AM_GL_3NF,09-03-2021 06:23,09-03-2021 06:29
6AM_GL_3NF,EDW_Revenue_Accrual,09-03-2021 06:25,09-03-2021 06:34
6AM_GL_DM,EDW_Revenue_Accrual,09-03-2021 06:40,09-03-2021 06:43
1PMCST_General_Ledger_load,Callidus_QMT,09-03-2021 13:06,09-03-2021 14:03
Callidus_QMT,APPO_SRC_TO_STG_LOAD,10-03-2021 00:05,09-04-2021 03:24
APPO_SRC_TO_STG_LOAD,CONTRACTS_SRC_TO_STG_LOAD,10-03-2021 00:09,10-03-2021 00:18
CONTRACTS_SRC_TO_STG_LOAD,Callidus_QMT,10-03-2021 00:10,10-03-2021 00:13
Common_Dimensions,Callidus_QMT,10-03-2021 01:15,10-03-2021 01:26
Callidus_QMT,Account_Research_3NF,10-03-2021 01:15,10-03-2021 01:17
Account_Research_3NF,Appo_DM,10-03-2021 01:26,10-03-2021 02:03
Appo_DM,Concur_STG,10-03-2021 01:30,10-03-2021 01:48
Account_Research_DM,Adobe_CIF_Load,10-03-2021 02:15,10-03-2021 02:54
Adobe_CIF_Load,Callidus_QMT,10-03-2021 02:17,10-03-2021 02:30
CSOD_STG,EDW_AIB_OO,10-03-2021 03:00,10-03-2021 04:19
EDW_AIB_OO,Callidus_QMT,10-03-2021 03:19,10-03-2021 03:30
Customer_Support_DM,Callidus_QMT,10-03-2021 04:21,10-03-2021 04:48
6AM_GL_STG,6AM_HR_STG,10-03-2021 06:00,10-03-2021 06:11
6AM_CD,6AM_GL_3NF,10-03-2021 06:22,10-03-2021 06:27
6AM_GL_3NF,Callidus_QMT,10-03-2021 06:23,10-03-2021 06:31
1PMCST_General_Ledger_load,Callidus_QMT,10-03-2021 13:37,10-03-2021 14:01
Callidus_QMT,EDW_Revenue_Accrual,10-03-2021 22:55,10-04-2021 00:48
APPO_SRC_TO_STG_LOAD,CONTRACTS_SRC_TO_STG_LOAD,08-04-2021 00:09,08-04-2021 00:20
CONTRACTS_SRC_TO_STG_LOAD,Callidus_QMT,08-04-2021 00:10,08-04-2021 00:14
Common_Entities_3NF,Callidus_QMT,08-04-2021 01:18,08-04-2021 01:33
Common_Dimensions,Account_Research_3NF,08-04-2021 01:33,08-04-2021 01:46
Account_Research_3NF,Adobe_STG,08-04-2021 01:45,08-04-2021 02:10
Account_Research_3NF,Concur_Ctas,08-04-2021 02:13,08-04-2021 02:34
Concur_Ctas,Adobe_CIF_Load,08-04-2021 02:14,08-04-2021 02:15
Adobe_CIF_Load,Callidus_QMT,08-04-2021 02:21,08-04-2021 02:31
Account_Research_DM,EDW_AIB_OO,08-04-2021 03:00,08-04-2021 03:19
EDW_AIB_OO,Callidus_QMT,08-04-2021 03:23,08-04-2021 03:43
Customer_Support_DM,Callidus_QMT,08-04-2021 04:24,08-04-2021 04:55
6AM_HR_STG,6AM_GL_STG,08-04-2021 06:00,08-04-2021 06:04
6AM_GL_3NF,6AM_CD,08-04-2021 06:22,08-04-2021 06:33
6AM_CD,Callidus_QMT,08-04-2021 06:27,08-04-2021 06:28
1PMCST_General_Ledger_load,Callidus_QMT,08-04-2021 13:38,08-04-2021 14:07
Callidus_QMT,APPO_SRC_TO_STG_LOAD,09-04-2021 00:05,08-05-2021 00:56
APPO_SRC_TO_STG_LOAD,CONTRACTS_SRC_TO_STG_LOAD,09-04-2021 00:09,09-04-2021 00:20
CONTRACTS_SRC_TO_STG_LOAD,Callidus_QMT,09-04-2021 00:10,09-04-2021 00:14
Common_Entities_3NF,Callidus_QMT,09-04-2021 01:10,09-04-2021 01:33
Account_Research_3NF,Common_Dimensions,09-04-2021 01:33,09-04-2021 02:31
Common_Dimensions,Adobe_STG,09-04-2021 01:45,09-04-2021 01:48
Appo_DM,Callidus_QMT,09-04-2021 02:10,09-04-2021 02:16
Concur_Ctas,Adobe_CIF_Load,09-04-2021 02:16,09-04-2021 02:21
Adobe_CIF_Load,Account_Research_DM,09-04-2021 02:31,09-04-2021 02:33
Account_Research_DM,EDW_AIB_OO,09-04-2021 03:00,09-04-2021 03:27
EDW_AIB_OO,CSOD_STG,09-04-2021 03:00,09-04-2021 03:52
CSOD_STG,Callidus_QMT,09-04-2021 03:11,09-04-2021 03:34
Customer_Support_DM,Customer_Count,09-04-2021 04:00,09-04-2021 04:55
6AM_GL_STG,6AM_HR_STG,09-04-2021 06:00,09-04-2021 06:13
6AM_CE_3NF,Callidus_QMT,09-04-2021 06:16,09-04-2021 06:23
6AM_CD,6AM_GL_3NF,09-04-2021 06:23,09-04-2021 06:29
1PMCST_General_Ledger_load,Callidus_QMT,09-04-2021 13:28,09-04-2021 14:00
APPO_SRC_TO_STG_LOAD,CONTRACTS_SRC_TO_STG_LOAD,10-04-2021 00:09,10-04-2021 00:19
CONTRACTS_SRC_TO_STG_LOAD,Callidus_QMT,10-04-2021 00:10,10-04-2021 00:14
Common_Entities_3NF,Callidus_QMT,10-04-2021 01:10,10-04-2021 01:19
Common_Dimensions,Account_Research_3NF,10-04-2021 01:19,10-04-2021 01:29
Account_Research_3NF,Appo_DM,10-04-2021 01:29,10-04-2021 02:09
Appo_DM,Concur_STG,10-04-2021 01:30,10-04-2021 01:51
Account_Research_DM,Callidus_QMT,10-04-2021 02:12,10-04-2021 03:01
CSOD_STG,EDW_AIB_OO,10-04-2021 03:05,10-04-2021 03:49
EDW_AIB_OO,Callidus_QMT,10-04-2021 03:15,10-04-2021 03:34
Customer_Support_DM,Callidus_QMT,10-04-2021 04:17,10-04-2021 04:43
6AM_HR_STG,6AM_GL_STG,10-04-2021 06:00,10-04-2021 06:05
6AM_CE_3NF,Callidus_QMT,10-04-2021 06:20,10-04-2021 06:22
6AM_GL_3NF,6AM_CD,10-04-2021 06:22,10-04-2021 06:33
1PMCST_General_Ledger_load,Callidus_QMT,10-04-2021 13:31,10-04-2021 14:06
APPO_SRC_TO_STG_LOAD,CONTRACTS_SRC_TO_STG_LOAD,08-05-2021 00:09,08-05-2021 00:20
CONTRACTS_SRC_TO_STG_LOAD,Callidus_QMT,08-05-2021 00:10,08-05-2021 00:14
Common_Dimensions,Account_Research_3NF,08-05-2021 01:30,08-05-2021 01:41
Account_Research_3NF,Concur_STG,08-05-2021 01:30,08-05-2021 02:22
Appo_DM,Adobe_STG,08-05-2021 01:45,08-05-2021 02:05
Adobe_CIF_Load,Account_Research_DM,08-05-2021 02:22,08-05-2021 02:29
Account_Research_DM,EDW_AIB_OO,08-05-2021 03:00,08-05-2021 03:09
Customer_Support_DM,Callidus_QMT,08-05-2021 03:59,08-05-2021 04:54
6AM_GL_STG,6AM_HR_STG,08-05-2021 06:00,08-05-2021 06:14
6AM_HR_STG,Callidus_QMT,08-05-2021 06:04,08-05-2021 06:06
6AM_CD,6AM_GL_3NF,08-05-2021 06:25,08-05-2021 06:31
1PMCST_General_Ledger_load,Callidus_QMT,08-05-2021 13:21,08-05-2021 14:07
Callidus_QMT,APPO_SRC_TO_STG_LOAD,09-05-2021 00:05,08-06-2021 01:00
APPO_SRC_TO_STG_LOAD,CONTRACTS_SRC_TO_STG_LOAD,09-05-2021 00:09,09-05-2021 00:18
CONTRACTS_SRC_TO_STG_LOAD,Callidus_QMT,09-05-2021 00:10,09-05-2021 00:14
Common_Entities_3NF,Callidus_QMT,09-05-2021 01:15,09-05-2021 01:26
Account_Research_3NF,Common_Dimensions,09-05-2021 01:26,09-05-2021 02:12
Common_Dimensions,Concur_STG,09-05-2021 01:30,09-05-2021 01:37
Appo_DM,Adobe_STG,09-05-2021 01:45,09-05-2021 01:56
Account_Research_DM,Adobe_CIF_Load,09-05-2021 02:13,09-05-2021 02:57
Adobe_CIF_Load,Callidus_QMT,09-05-2021 02:17,09-05-2021 02:29
CSOD_STG,EDW_AIB_OO,09-05-2021 03:00,09-05-2021 03:32
EDW_AIB_OO,Callidus_QMT,09-05-2021 03:19,09-05-2021 03:28
Customer_Support_DM,Concur_Ctas,09-05-2021 03:49,09-05-2021 04:46
6AM_GL_STG,6AM_HR_STG,09-05-2021 06:00,09-05-2021 06:12
6AM_CD,6AM_GL_3NF,09-05-2021 06:22,09-05-2021 06:28
6AM_GL_3NF,Callidus_QMT,09-05-2021 06:24,09-05-2021 06:31
1PMCST_General_Ledger_load,Callidus_QMT,09-05-2021 13:36,09-05-2021 13:59
APPO_SRC_TO_STG_LOAD,CONTRACTS_SRC_TO_STG_LOAD,10-05-2021 00:09,10-05-2021 00:18
CONTRACTS_SRC_TO_STG_LOAD,Callidus_QMT,10-05-2021 00:10,10-05-2021 00:14
Callidus_QMT,AR_SRC_TO_STG_LOAD,10-05-2021 00:15,10-05-2021 03:03
Common_Dimensions,Account_Research_3NF,10-05-2021 01:20,10-05-2021 01:31
Account_Research_3NF,Concur_STG,10-05-2021 01:30,10-05-2021 02:16
Concur_STG,Appo_DM,10-05-2021 01:31,10-05-2021 01:33
Appo_DM,Adobe_STG,10-05-2021 01:45,10-05-2021 01:58
Account_Research_DM,Adobe_CIF_Load,10-05-2021 02:16,10-05-2021 03:11
CSOD_STG,EDW_AIB_OO,10-05-2021 03:00,10-05-2021 04:22
Customer_Support_DM,Callidus_QMT,10-05-2021 04:03,10-05-2021 04:55
6AM_GL_STG,6AM_HR_STG,10-05-2021 06:00,10-05-2021 06:12
6AM_CE_3NF,EDW_Revenue_Accrual,10-05-2021 06:13,10-05-2021 06:22
6AM_GL_3NF,6AM_CD,10-05-2021 06:22,10-05-2021 06:34
6AM_CD,EDW_Revenue_Accrual,10-05-2021 06:23,10-05-2021 06:29
6AM_GL_DM,EDW_Revenue_Accrual,10-05-2021 06:38,10-05-2021 06:44
Callidus_QMT,EDW_Revenue_Accrual,10-05-2021 07:08,10-05-2021 07:09
Callidus_QMT,EDW_Revenue_Accrual,10-05-2021 11:15,10-05-2021 11:17
1PMCST_General_Ledger_load,Callidus_QMT,10-05-2021 13:19,10-05-2021 14:05
APPO_SRC_TO_STG_LOAD,CONTRACTS_SRC_TO_STG_LOAD,08-06-2021 00:09,08-06-2021 00:55
CONTRACTS_SRC_TO_STG_LOAD,AR_SRC_TO_STG_LOAD,08-06-2021 00:15,08-06-2021 00:16
Common_Dimensions,Account_Research_3NF,08-06-2021 01:34,08-06-2021 01:46
Account_Research_3NF,Adobe_STG,08-06-2021 01:45,08-06-2021 02:29
Adobe_STG,Appo_DM,08-06-2021 01:46,08-06-2021 01:47
Concur_Ctas,Callidus_QMT,08-06-2021 02:12,08-06-2021 02:13
Adobe_CIF_Load,Account_Research_DM,08-06-2021 02:29,08-06-2021 02:34
Account_Research_DM,Callidus_QMT,08-06-2021 03:14,08-06-2021 03:16
Customer_Support_DM,EDW_Revenue_Accrual,08-06-2021 04:01,08-06-2021 05:07
EDW_AIB_REVACC,Callidus_QMT,08-06-2021 04:15,08-06-2021 04:38
6AM_GL_STG,6AM_HR_STG,08-06-2021 06:00,08-06-2021 06:12
6AM_CE_3NF,Callidus_QMT,08-06-2021 06:18,08-06-2021 06:23
6AM_CD,6AM_GL_3NF,08-06-2021 06:23,08-06-2021 06:29
1PMCST_General_Ledger_load,Callidus_QMT,08-06-2021 13:31,08-06-2021 14:07
Callidus_QMT,APPO_SRC_TO_STG_LOAD,09-06-2021 00:05,08-07-2021 01:22
APPO_SRC_TO_STG_LOAD,CONTRACTS_SRC_TO_STG_LOAD,09-06-2021 00:09,09-06-2021 00:18
CONTRACTS_SRC_TO_STG_LOAD,Callidus_QMT,09-06-2021 00:10,09-06-2021 00:13
Common_Entities_3NF,Callidus_QMT,09-06-2021 01:15,09-06-2021 01:41
Common_Dimensions,Account_Research_3NF,09-06-2021 01:41,09-06-2021 01:52
Account_Research_3NF,Adobe_STG,09-06-2021 01:45,09-06-2021 02:30
Adobe_CIF_Load,Concur_Ctas,09-06-2021 02:15,09-06-2021 02:30
Concur_Ctas,Callidus_QMT,09-06-2021 02:17,09-06-2021 02:18
Account_Research_DM,CSOD_STG,09-06-2021 03:00,09-06-2021 03:14
CSOD_STG,Callidus_QMT,09-06-2021 03:19,09-06-2021 04:21
EDW_AIB_OO,Customer_Support_DM,09-06-2021 03:40,09-06-2021 03:56
Customer_Support_DM,Callidus_QMT,09-06-2021 04:20,09-06-2021 04:53
6AM_GL_STG,6AM_HR_STG,09-06-2021 06:00,09-06-2021 06:12
6AM_GL_3NF,6AM_CD,09-06-2021 06:22,09-06-2021 06:32
6AM_CD,Callidus_QMT,09-06-2021 06:24,09-06-2021 06:28
EDW_Revenue_Accrual,Callidus_QMT,09-06-2021 10:30,09-06-2021 11:14
1PMCST_General_Ledger_load,EDW_Revenue_Accrual,09-06-2021 13:18,09-06-2021 14:02
APPO_SRC_TO_STG_LOAD,CONTRACTS_SRC_TO_STG_LOAD,10-06-2021 00:09,10-06-2021 00:18
CONTRACTS_SRC_TO_STG_LOAD,Callidus_QMT,10-06-2021 00:10,10-06-2021 00:13
Callidus_QMT,AR_SRC_TO_STG_LOAD,10-06-2021 00:15,10-06-2021 02:53
Account_Research_3NF,Common_Dimensions,10-06-2021 01:22,10-06-2021 02:16
Common_Dimensions,Concur_STG,10-06-2021 01:30,10-06-2021 01:34
Appo_DM,Adobe_STG,10-06-2021 01:45,10-06-2021 01:57
Account_Research_DM,Adobe_CIF_Load,10-06-2021 02:16,10-06-2021 02:27
Adobe_CIF_Load,Account_Research_DM,10-06-2021 02:29,10-06-2021 02:34
Account_Research_DM,EDW_AIB_OO,10-06-2021 03:00,10-06-2021 03:05
EDW_AIB_OO,CSOD_STG,10-06-2021 03:00,10-06-2021 03:30
CSOD_STG,EDW_AIB_REVACC,10-06-2021 03:36,10-06-2021 04:22
EDW_AIB_REVACC,Customer_Support_DM,10-06-2021 03:40,10-06-2021 04:09
Customer_Support_DM,Callidus_QMT,10-06-2021 03:53,10-06-2021 04:54
6AM_HR_STG,6AM_GL_STG,10-06-2021 06:00,10-06-2021 06:05
6AM_GL_3NF,6AM_CD,10-06-2021 06:23,10-06-2021 06:35
EDW_AIB_REVACC,Callidus_QMT,10-06-2021 10:07,10-06-2021 10:17
1PMCST_General_Ledger_load,Callidus_QMT,10-06-2021 13:14,10-06-2021 14:04
APPO_SRC_TO_STG_LOAD,CONTRACTS_SRC_TO_STG_LOAD,08-07-2021 00:09,08-07-2021 00:19
Common_Entities_3NF,Callidus_QMT,08-07-2021 01:25,08-07-2021 01:43
Account_Research_3NF,Common_Dimensions,08-07-2021 01:43,08-07-2021 02:39
Common_Dimensions,Adobe_STG,08-07-2021 01:45,08-07-2021 01:55
Appo_DM,Adobe_CIF_Load,08-07-2021 02:17,08-07-2021 02:19
Adobe_CIF_Load,Concur_Ctas,08-07-2021 02:19,08-07-2021 02:34
EDW_AIB_OO,Account_Research_DM,08-07-2021 03:04,08-07-2021 03:55
Customer_Support_DM,Customer_Count,08-07-2021 04:00,08-07-2021 04:54
6AM_GL_STG,6AM_HR_STG,08-07-2021 06:00,08-07-2021 06:05
1PMCST_General_Ledger_load,Callidus_QMT,08-07-2021 13:46,08-08-2021 02:54
Callidus_QMT,EDW_Revenue_Accrual,08-07-2021 23:27,08-08-2021 01:46
APPO_SRC_TO_STG_LOAD,CONTRACTS_SRC_TO_STG_LOAD,09-07-2021 00:09,09-07-2021 00:19
CONTRACTS_SRC_TO_STG_LOAD,Callidus_QMT,09-07-2021 00:10,09-07-2021 00:13
Callidus_QMT,AR_SRC_TO_STG_LOAD,09-07-2021 00:15,09-07-2021 00:16
Concur_STG,Callidus_QMT,09-07-2021 01:16,09-07-2021 01:18
Common_Entities_3NF,Callidus_QMT,09-07-2021 02:17,09-07-2021 02:40
Common_Dimensions,Account_Research_3NF,09-07-2021 02:40,09-07-2021 02:52
Account_Research_3NF,Appo_DM,09-07-2021 02:54,09-07-2021 03:35
Appo_DM,CSOD_STG,09-07-2021 03:00,09-07-2021 03:20
CSOD_STG,EDW_AIB_OO,09-07-2021 03:00,09-07-2021 04:26
EDW_AIB_OO,Adobe_CIF_Load,09-07-2021 03:18,09-07-2021 04:48
Adobe_CIF_Load,Callidus_QMT,09-07-2021 03:19,09-07-2021 03:34
Callidus_QMT,Concur_Ctas,09-07-2021 03:19,09-07-2021 03:21
Account_Research_DM,Customer_Support_DM,09-07-2021 03:40,09-07-2021 04:24
Customer_Support_DM,Callidus_QMT,09-07-2021 04:21,09-07-2021 04:57
6AM_GL_STG,6AM_HR_STG,09-07-2021 06:00,09-07-2021 06:12
6AM_HR_STG,EDW_AIB_REVACC,09-07-2021 06:01,09-07-2021 06:04
EDW_AIB_REVACC,6AM_CE_3NF,09-07-2021 06:12,09-07-2021 06:35
6AM_GL_3NF,6AM_CD,09-07-2021 06:22,09-07-2021 06:37
6AM_CD,Callidus_QMT,09-07-2021 06:24,09-07-2021 06:29
1PMCST_General_Ledger_load,Callidus_QMT,09-07-2021 13:36,09-07-2021 14:05
Callidus_QMT,APPO_SRC_TO_STG_LOAD,10-07-2021 00:05,09-08-2021 01:10
APPO_SRC_TO_STG_LOAD,CONTRACTS_SRC_TO_STG_LOAD,10-07-2021 00:09,10-07-2021 00:16
CONTRACTS_SRC_TO_STG_LOAD,Callidus_QMT,10-07-2021 00:10,10-07-2021 00:13
Common_Entities_3NF,Callidus_QMT,10-07-2021 01:14,10-07-2021 01:21
Account_Research_3NF,Common_Dimensions,10-07-2021 01:21,10-07-2021 02:17
Common_Dimensions,EDW_Revenue_Accrual,10-07-2021 01:22,10-07-2021 01:36
Appo_DM,EDW_Revenue_Accrual,10-07-2021 01:42,10-07-2021 01:59
EDW_Revenue_Accrual,Concur_Ctas,10-07-2021 01:59,10-07-2021 02:00
Adobe_CIF_Load,EDW_Revenue_Accrual,10-07-2021 02:16,10-07-2021 02:33
Callidus_QMT,Account_Research_DM,10-07-2021 02:17,10-07-2021 02:20
Account_Research_DM,EDW_Revenue_Accrual,10-07-2021 02:26,10-07-2021 03:12
EDW_AIB_OO,CSOD_STG,10-07-2021 03:00,10-07-2021 03:39
CSOD_STG,EDW_Revenue_Accrual,10-07-2021 03:03,10-07-2021 04:22
Callidus_QMT,Customer_Support_DM,10-07-2021 03:40,10-07-2021 05:09
Customer_Support_DM,EDW_Revenue_Accrual,10-07-2021 04:28,10-07-2021 05:26
6AM_GL_STG,6AM_HR_STG,10-07-2021 06:00,10-07-2021 06:11
6AM_CD,6AM_GL_3NF,10-07-2021 06:22,10-07-2021 06:29
EDW_Revenue_Accrual,Callidus_QMT,10-07-2021 11:19,10-07-2021 11:20
APPO_SRC_TO_STG_LOAD,CONTRACTS_SRC_TO_STG_LOAD,13-07-2021 00:09,13-07-2021 00:19
CONTRACTS_SRC_TO_STG_LOAD,Callidus_QMT,13-07-2021 00:10,13-07-2021 00:14
Callidus_QMT,AR_SRC_TO_STG_LOAD,13-07-2021 00:15,13-07-2021 00:16
Common_Entities_3NF,Concur_STG,13-07-2021 00:50,13-07-2021 01:25
Account_Research_3NF,Common_Dimensions,13-07-2021 01:25,13-07-2021 02:13
Common_Dimensions,Adobe_STG,13-07-2021 01:45,13-07-2021 01:51
Appo_DM,Account_Research_DM,13-07-2021 02:13,13-07-2021 02:15
Account_Research_DM,Concur_Ctas,13-07-2021 02:15,13-07-2021 03:01
Concur_Ctas,Adobe_CIF_Load,13-07-2021 02:16,13-07-2021 02:18
Adobe_CIF_Load,Callidus_QMT,13-07-2021 02:18,13-07-2021 02:33
EDW_AIB_OO,Callidus_QMT,13-07-2021 03:20,13-07-2021 03:31
Customer_Support_DM,Callidus_QMT,13-07-2021 04:22,13-07-2021 05:13
Callidus_QMT,6AM_GL_STG,13-07-2021 06:00,13-07-2021 06:56
6AM_GL_STG,6AM_HR_STG,13-07-2021 06:00,13-07-2021 06:14
6AM_CD,6AM_GL_3NF,13-07-2021 06:27,13-07-2021 06:50
Callidus_QMT,APPO_SRC_TO_STG_LOAD,14-07-2021 00:05,14-07-2021 01:51
APPO_SRC_TO_STG_LOAD,CONTRACTS_SRC_TO_STG_LOAD,14-07-2021 00:09,14-07-2021 00:19
CONTRACTS_SRC_TO_STG_LOAD,Callidus_QMT,14-07-2021 00:10,14-07-2021 00:15
Common_Entities_3NF,Callidus_QMT,14-07-2021 01:11,14-07-2021 01:37
Account_Research_3NF,Common_Dimensions,14-07-2021 01:37,14-07-2021 02:36
Common_Dimensions,Adobe_STG,14-07-2021 01:45,14-07-2021 02:07
Appo_DM,Callidus_QMT,14-07-2021 02:12,14-07-2021 02:35
Callidus_QMT,EDW_Revenue_Accrual,14-07-2021 02:14,14-07-2021 02:15
Adobe_CIF_Load,EDW_Revenue_Accrual,14-07-2021 02:25,14-07-2021 02:32
Concur_Ctas,Account_Research_DM,14-07-2021 02:36,14-07-2021 02:37
Account_Research_DM,EDW_Revenue_Accrual,14-07-2021 02:53,14-07-2021 03:23
EDW_AIB_OO,EDW_Revenue_Accrual,14-07-2021 03:03,14-07-2021 03:48
Customer_Support_DM,6AM_HR_STG,14-07-2021 06:00,14-07-2021 07:01
6AM_HR_STG,6AM_GL_STG,14-07-2021 06:00,14-07-2021 06:06
6AM_CE_3NF,Callidus_QMT,14-07-2021 06:20,14-07-2021 06:22
6AM_GL_3NF,6AM_CD,14-07-2021 06:22,14-07-2021 06:32
Callidus_QMT,EDW_Revenue_Accrual,14-07-2021 09:25,14-07-2021 09:26
APPO_SRC_TO_STG_LOAD,CONTRACTS_SRC_TO_STG_LOAD,15-07-2021 00:09,15-07-2021 00:19
CONTRACTS_SRC_TO_STG_LOAD,Callidus_QMT,15-07-2021 00:10,15-07-2021 00:15
Common_Entities_3NF,Callidus_QMT,15-07-2021 01:15,15-07-2021 01:27
Callidus_QMT,Account_Research_3NF,15-07-2021 01:27,15-07-2021 04:05
Account_Research_3NF,Common_Dimensions,15-07-2021 01:27,15-07-2021 02:19
Common_Dimensions,Concur_STG,15-07-2021 01:30,15-07-2021 01:58
Appo_DM,Account_Research_DM,15-07-2021 02:19,15-07-2021 02:31
Account_Research_DM,Adobe_CIF_Load,15-07-2021 02:21,15-07-2021 03:27
Adobe_CIF_Load,Concur_Ctas,15-07-2021 02:31,15-07-2021 02:42
Customer_Support_DM,EDW_AIB_REVACC,15-07-2021 04:02,15-07-2021 05:04
6AM_HR_STG,6AM_GL_STG,15-07-2021 06:00,15-07-2021 06:05
6AM_GL_STG,Callidus_QMT,15-07-2021 06:06,15-07-2021 06:12
6AM_CD,6AM_GL_3NF,15-07-2021 06:23,15-07-2021 06:47
Adhoc_General_Ledger_load,Callidus_QMT,15-07-2021 12:17,15-07-2021 13:14
Adhoc_General_Ledger_load,Callidus_QMT,15-07-2021 14:21,15-07-2021 15:03
Callidus_QMT,EDW_Revenue_Accrual,15-07-2021 17:34,15-07-2021 18:06
APPO_SRC_TO_STG_LOAD,EDW_Revenue_Accrual,16-07-2021 00:05,16-07-2021 00:19
CONTRACTS_SRC_TO_STG_LOAD,EDW_Revenue_Accrual,16-07-2021 00:10,16-07-2021 00:12
AR_SRC_TO_STG_LOAD,EDW_Revenue_Accrual,16-07-2021 00:15,16-07-2021 00:23
Common_Entities_3NF,EDW_Revenue_Accrual,16-07-2021 00:47,16-07-2021 01:26
Account_Research_3NF,Common_Dimensions,16-07-2021 01:26,16-07-2021 02:15
Common_Dimensions,EDW_Revenue_Accrual,16-07-2021 01:30,16-07-2021 01:58
Appo_DM,Account_Research_DM,16-07-2021 02:15,16-07-2021 02:25
Account_Research_DM,Adobe_CIF_Load,16-07-2021 02:16,16-07-2021 03:08
Adobe_CIF_Load,Callidus_QMT,16-07-2021 02:17,16-07-2021 02:35
EDW_AIB_OO,Callidus_QMT,16-07-2021 03:22,16-07-2021 03:41
Customer_Support_DM,Callidus_QMT,16-07-2021 04:24,16-07-2021 04:55
6AM_HR_STG,6AM_GL_STG,16-07-2021 06:00,16-07-2021 06:06
6AM_GL_3NF,6AM_CD,16-07-2021 06:22,16-07-2021 06:31
6AM_CD,Callidus_QMT,16-07-2021 06:27,16-07-2021 06:50
APPO_SRC_TO_STG_LOAD,CONTRACTS_SRC_TO_STG_LOAD,17-07-2021 00:09,17-07-2021 00:19
CONTRACTS_SRC_TO_STG_LOAD,Callidus_QMT,17-07-2021 00:10,17-07-2021 00:14
Common_Entities_3NF,Concur_STG,17-07-2021 01:30,17-07-2021 01:57
Account_Research_3NF,Common_Dimensions,17-07-2021 01:57,17-07-2021 02:44
Common_Dimensions,Callidus_QMT,17-07-2021 02:17,17-07-2021 02:39
Appo_DM,Account_Research_DM,17-07-2021 02:44,17-07-2021 03:03
Account_Research_DM,EDW_AIB_OO,17-07-2021 03:00,17-07-2021 03:32
EDW_AIB_OO,Concur_Ctas,17-07-2021 03:03,17-07-2021 03:56
Concur_Ctas,Adobe_CIF_Load,17-07-2021 03:04,17-07-2021 03:05
Customer_Support_DM,Customer_Count,17-07-2021 04:00,17-07-2021 04:57
6AM_GL_STG,6AM_HR_STG,17-07-2021 06:00,17-07-2021 06:12
6AM_GL_3NF,6AM_CD,17-07-2021 06:22,17-07-2021 06:31
6AM_CD,Callidus_QMT,17-07-2021 06:25,17-07-2021 06:50
APPO_SRC_TO_STG_LOAD,CONTRACTS_SRC_TO_STG_LOAD,18-07-2021 00:09,18-07-2021 00:18
CONTRACTS_SRC_TO_STG_LOAD,Callidus_QMT,18-07-2021 00:10,18-07-2021 00:13
Common_Entities_3NF,Callidus_QMT,18-07-2021 01:15,18-07-2021 01:21
Account_Research_3NF,Common_Dimensions,18-07-2021 01:21,18-07-2021 02:04
Common_Dimensions,Concur_STG,18-07-2021 01:30,18-07-2021 01:54
Appo_DM,Account_Research_DM,18-07-2021 02:04,18-07-2021 02:16
Account_Research_DM,Adobe_CIF_Load,18-07-2021 02:15,18-07-2021 02:49
Adobe_CIF_Load,Callidus_QMT,18-07-2021 02:16,18-07-2021 02:30
EDW_AIB_OO,Callidus_QMT,18-07-2021 03:18,18-07-2021 03:29
Customer_Support_DM,Callidus_QMT,18-07-2021 04:20,18-07-2021 04:49
6AM_HR_STG,6AM_GL_STG,18-07-2021 06:00,18-07-2021 06:05
6AM_CE_3NF,Callidus_QMT,18-07-2021 06:22,18-07-2021 06:23
6AM_GL_3NF,6AM_CD,18-07-2021 06:23,18-07-2021 06:32
APPO_SRC_TO_STG_LOAD,CONTRACTS_SRC_TO_STG_LOAD,19-07-2021 00:09,19-07-2021 00:18
CONTRACTS_SRC_TO_STG_LOAD,Callidus_QMT,19-07-2021 00:10,19-07-2021 00:14
Callidus_QMT,AR_SRC_TO_STG_LOAD,19-07-2021 00:15,19-07-2021 00:16
Common_Entities_3NF,Concur_STG,19-07-2021 00:44,19-07-2021 01:19
Account_Research_3NF,Common_Dimensions,19-07-2021 01:19,19-07-2021 01:56
Common_Dimensions,Adobe_STG,19-07-2021 01:45,19-07-2021 01:56
Appo_DM,Account_Research_3NF,19-07-2021 01:58,19-07-2021 02:23
Account_Research_3NF,Adobe_STG,19-07-2021 01:59,19-07-2021 02:07
Account_Research_DM,Callidus_QMT,19-07-2021 02:17,19-07-2021 02:57
Adobe_CIF_Load,Concur_Ctas,19-07-2021 02:23,19-07-2021 02:37
EDW_AIB_OO,EDW_Revenue_Accrual,19-07-2021 03:00,19-07-2021 03:25
Customer_Support_DM,EDW_Revenue_Accrual,19-07-2021 03:47,19-07-2021 04:42
6AM_HR_STG,6AM_GL_STG,19-07-2021 06:00,19-07-2021 06:05
6AM_CD,6AM_GL_3NF,19-07-2021 06:24,19-07-2021 06:55
6AM_GL_3NF,Callidus_QMT,19-07-2021 06:27,19-07-2021 06:32
Callidus_QMT,APPO_SRC_TO_STG_LOAD,20-07-2021 00:05,20-07-2021 02:21
APPO_SRC_TO_STG_LOAD,CONTRACTS_SRC_TO_STG_LOAD,20-07-2021 00:09,20-07-2021 00:21
CONTRACTS_SRC_TO_STG_LOAD,Callidus_QMT,20-07-2021 00:10,20-07-2021 00:15
Concur_STG,Common_Entities_3NF,20-07-2021 00:45,20-07-2021 00:48
Common_Entities_3NF,Adobe_STG,20-07-2021 01:17,20-07-2021 01:37
Account_Research_3NF,Common_Dimensions,20-07-2021 01:37,20-07-2021 02:32
Appo_DM,Adobe_CIF_Load,20-07-2021 02:16,20-07-2021 02:17
Adobe_CIF_Load,Concur_Ctas,20-07-2021 02:17,20-07-2021 02:31
Account_Research_DM,EDW_AIB_OO,20-07-2021 03:00,20-07-2021 03:20
EDW_AIB_OO,Callidus_QMT,20-07-2021 03:26,20-07-2021 03:47
Customer_Support_DM,Callidus_QMT,20-07-2021 04:29,20-07-2021 04:38
6AM_GL_STG,6AM_HR_STG,20-07-2021 06:00,20-07-2021 06:11
6AM_CD,6AM_GL_3NF,20-07-2021 06:21,20-07-2021 06:27
6AM_GL_DM,Callidus_QMT,20-07-2021 06:32,20-07-2021 06:41
Callidus_QMT,APPO_SRC_TO_STG_LOAD,21-07-2021 00:05,21-07-2021 02:43
APPO_SRC_TO_STG_LOAD,CONTRACTS_SRC_TO_STG_LOAD,21-07-2021 00:09,21-07-2021 00:20
CONTRACTS_SRC_TO_STG_LOAD,Callidus_QMT,21-07-2021 00:10,21-07-2021 00:14
AR_SRC_TO_STG_LOAD,Concur_STG,21-07-2021 00:16,21-07-2021 00:24
Common_Entities_3NF,Adobe_STG,21-07-2021 01:17,21-07-2021 01:34
Common_Dimensions,Account_Research_3NF,21-07-2021 01:34,21-07-2021 01:49
Account_Research_3NF,EDW_Revenue_Accrual,21-07-2021 01:39,21-07-2021 02:35
Appo_DM,EDW_Revenue_Accrual,21-07-2021 01:54,21-07-2021 02:16
Adobe_CIF_Load,Concur_Ctas,21-07-2021 02:16,21-07-2021 02:32
Concur_Ctas,EDW_Revenue_Accrual,21-07-2021 02:20,21-07-2021 02:21
Account_Research_DM,EDW_Revenue_Accrual,21-07-2021 02:42,21-07-2021 03:22
EDW_AIB_OO,EDW_Revenue_Accrual,21-07-2021 03:08,21-07-2021 03:51
Customer_Support_DM,EDW_Revenue_Accrual,21-07-2021 03:46,21-07-2021 04:44
6AM_GL_STG,6AM_HR_STG,21-07-2021 06:00,21-07-2021 06:14
6AM_GL_3NF,6AM_CD,21-07-2021 06:24,21-07-2021 06:33
Adhoc_General_Ledger_load,Callidus_QMT,21-07-2021 12:01,21-07-2021 12:49
Callidus_QMT,APPO_SRC_TO_STG_LOAD,22-07-2021 00:05,22-07-2021 00:44
APPO_SRC_TO_STG_LOAD,CONTRACTS_SRC_TO_STG_LOAD,22-07-2021 00:09,22-07-2021 00:24
CONTRACTS_SRC_TO_STG_LOAD,Callidus_QMT,22-07-2021 00:10,22-07-2021 00:14
Common_Entities_3NF,Callidus_QMT,22-07-2021 01:11,22-07-2021 01:27
Account_Research_3NF,Common_Dimensions,22-07-2021 01:27,22-07-2021 02:17
Common_Dimensions,Concur_STG,22-07-2021 01:30,22-07-2021 01:38
Appo_DM,Adobe_STG,22-07-2021 01:45,22-07-2021 02:03
Callidus_QMT,Adobe_CIF_Load,22-07-2021 02:14,22-07-2021 02:16
Adobe_CIF_Load,Account_Research_DM,22-07-2021 02:17,22-07-2021 02:29
Account_Research_DM,EDW_AIB_OO,22-07-2021 03:00,22-07-2021 03:06
EDW_AIB_OO,Callidus_QMT,22-07-2021 03:16,22-07-2021 03:32
Customer_Support_DM,Callidus_QMT,22-07-2021 04:18,22-07-2021 04:50
6AM_GL_STG,6AM_HR_STG,22-07-2021 06:00,22-07-2021 06:12
6AM_CE_3NF,Callidus_QMT,22-07-2021 06:22,22-07-2021 06:23
6AM_CD,6AM_GL_3NF,22-07-2021 06:23,22-07-2021 06:29
APPO_SRC_TO_STG_LOAD,CONTRACTS_SRC_TO_STG_LOAD,23-07-2021 00:09,23-07-2021 00:19
CONTRACTS_SRC_TO_STG_LOAD,Callidus_QMT,23-07-2021 00:10,23-07-2021 00:13
Callidus_QMT,AR_SRC_TO_STG_LOAD,23-07-2021 00:15,23-07-2021 00:16
Common_Entities_3NF,Callidus_QMT,23-07-2021 01:16,23-07-2021 01:25
Account_Research_3NF,Common_Dimensions,23-07-2021 01:25,23-07-2021 02:11
Common_Dimensions,Concur_STG,23-07-2021 01:30,23-07-2021 01:36
Appo_DM,Adobe_STG,23-07-2021 01:45,23-07-2021 01:57
Account_Research_DM,Adobe_CIF_Load,23-07-2021 02:12,23-07-2021 02:56
Adobe_CIF_Load,Callidus_QMT,23-07-2021 02:17,23-07-2021 02:30
Customer_Support_DM,EDW_AIB_OO,23-07-2021 04:14,23-07-2021 05:21
EDW_AIB_OO,Callidus_QMT,23-07-2021 04:20,23-07-2021 04:48
6AM_HR_STG,6AM_GL_STG,23-07-2021 06:00,23-07-2021 06:06
6AM_CD,6AM_GL_3NF,23-07-2021 06:21,23-07-2021 06:27
CONTRACTS_SRC_TO_STG_LOAD,Callidus_QMT,24-07-2021 00:10,24-07-2021 00:12
Common_Entities_3NF,Callidus_QMT,24-07-2021 01:13,24-07-2021 01:58
Callidus_QMT,Concur_STG,24-07-2021 01:30,24-07-2021 03:39
Account_Research_3NF,Common_Dimensions,24-07-2021 01:58,24-07-2021 02:57
Appo_DM,Adobe_CIF_Load,24-07-2021 02:26,24-07-2021 02:35
Adobe_CIF_Load,Concur_Ctas,24-07-2021 02:35,24-07-2021 02:44
Account_Research_DM,EDW_AIB_OO,24-07-2021 03:00,24-07-2021 03:53
EDW_AIB_OO,Customer_Support_DM,24-07-2021 03:48,24-07-2021 04:21
Customer_Support_DM,Customer_Count,24-07-2021 04:21,24-07-2021 05:00
6AM_GL_STG,6AM_HR_STG,24-07-2021 06:00,24-07-2021 06:13
6AM_CD,6AM_GL_3NF,24-07-2021 06:23,24-07-2021 06:28
APPO_SRC_TO_STG_LOAD,CONTRACTS_SRC_TO_STG_LOAD,25-07-2021 00:09,25-07-2021 00:17
CONTRACTS_SRC_TO_STG_LOAD,Callidus_QMT,25-07-2021 00:10,25-07-2021 00:14
Common_Entities_3NF,Callidus_QMT,25-07-2021 01:15,25-07-2021 01:19
Account_Research_3NF,Common_Dimensions,25-07-2021 01:19,25-07-2021 02:00
Appo_DM,Concur_STG,25-07-2021 01:30,25-07-2021 01:50
Account_Research_DM,Adobe_CIF_Load,25-07-2021 02:14,25-07-2021 02:41
Adobe_CIF_Load,Callidus_QMT,25-07-2021 02:17,25-07-2021 02:28
EDW_AIB_OO,EDW_Revenue_Accrual,25-07-2021 03:03,25-07-2021 03:28
Customer_Support_DM,Concur_Ctas,25-07-2021 03:57,25-07-2021 04:50
6AM_GL_STG,6AM_HR_STG,25-07-2021 06:00,25-07-2021 06:11
6AM_GL_3NF,6AM_CD,25-07-2021 06:22,25-07-2021 06:31
6AM_CD,Callidus_QMT,25-07-2021 06:24,25-07-2021 06:28
Callidus_QMT,EDW_Revenue_Accrual,25-07-2021 08:29,25-07-2021 08:30
APPO_SRC_TO_STG_LOAD,CONTRACTS_SRC_TO_STG_LOAD,26-07-2021 00:09,26-07-2021 00:18
CONTRACTS_SRC_TO_STG_LOAD,Callidus_QMT,26-07-2021 00:10,26-07-2021 00:14
Callidus_QMT,AR_SRC_TO_STG_LOAD,26-07-2021 00:15,26-07-2021 00:16
Common_Entities_3NF,Callidus_QMT,26-07-2021 01:16,26-07-2021 01:27
Account_Research_3NF,Common_Dimensions,26-07-2021 01:27,26-07-2021 02:16
Appo_DM,Adobe_STG,26-07-2021 01:45,26-07-2021 02:01
Adobe_CIF_Load,Account_Research_DM,26-07-2021 02:16,26-07-2021 02:28
Account_Research_DM,Callidus_QMT,26-07-2021 02:18,26-07-2021 03:01
EDW_AIB_OO,Callidus_QMT,26-07-2021 03:22,26-07-2021 03:32
Customer_Support_DM,Callidus_QMT,26-07-2021 04:24,26-07-2021 04:47
6AM_GL_STG,6AM_HR_STG,26-07-2021 06:00,26-07-2021 06:13
6AM_GL_3NF,6AM_CD,26-07-2021 06:23,26-07-2021 06:33
6AM_CD,Callidus_QMT,26-07-2021 06:27,26-07-2021 06:29
Callidus_QMT,EDW_Revenue_Accrual,26-07-2021 23:15,27-07-2021 02:15
APPO_SRC_TO_STG_LOAD,EDW_Revenue_Accrual,27-07-2021 00:05,27-07-2021 00:19
CONTRACTS_SRC_TO_STG_LOAD,Callidus_QMT,27-07-2021 00:10,27-07-2021 00:14
AR_SRC_TO_STG_LOAD,EDW_Revenue_Accrual,27-07-2021 00:15,27-07-2021 00:25
Common_Entities_3NF,EDW_Revenue_Accrual,27-07-2021 00:48,27-07-2021 01:32
Common_Dimensions,Account_Research_3NF,27-07-2021 01:32,27-07-2021 01:47
Account_Research_3NF,Adobe_STG,27-07-2021 01:45,27-07-2021 02:35
Appo_DM,Adobe_CIF_Load,27-07-2021 02:17,27-07-2021 02:18
Adobe_CIF_Load,Concur_Ctas,27-07-2021 02:18,27-07-2021 02:33
Account_Research_DM,Callidus_QMT,27-07-2021 02:51,27-07-2021 03:29
EDW_AIB_OO,Customer_Support_DM,27-07-2021 03:40,27-07-2021 03:55
Customer_Support_DM,Callidus_QMT,27-07-2021 03:54,27-07-2021 04:45
6AM_GL_STG,6AM_HR_STG,27-07-2021 06:00,27-07-2021 06:13
6AM_GL_3NF,6AM_CD,27-07-2021 06:24,27-07-2021 06:34
Adhoc_General_Ledger_load,Callidus_QMT,27-07-2021 14:15,27-07-2021 14:45
Callidus_QMT,APPO_SRC_TO_STG_LOAD,28-07-2021 00:05,28-07-2021 02:54
APPO_SRC_TO_STG_LOAD,Concur_STG,28-07-2021 00:07,28-07-2021 00:20
Concur_STG,CONTRACTS_SRC_TO_STG_LOAD,28-07-2021 00:09,28-07-2021 00:18
CONTRACTS_SRC_TO_STG_LOAD,Callidus_QMT,28-07-2021 00:10,28-07-2021 00:14
Common_Dimensions,Account_Research_3NF,28-07-2021 01:39,28-07-2021 01:55
Account_Research_3NF,Adobe_STG,28-07-2021 01:45,28-07-2021 01:53
Appo_DM,Account_Research_3NF,28-07-2021 01:57,28-07-2021 02:23
Account_Research_3NF,Adobe_CIF_Load,28-07-2021 02:17,28-07-2021 02:31
Adobe_CIF_Load,Concur_Ctas,28-07-2021 02:23,28-07-2021 02:35
Account_Research_DM,Callidus_QMT,28-07-2021 02:54,28-07-2021 03:33
EDW_AIB_OO,Customer_Support_DM,28-07-2021 03:40,28-07-2021 03:58
Customer_Support_DM,Callidus_QMT,28-07-2021 03:56,28-07-2021 04:54
Callidus_QMT,6AM_GL_STG,28-07-2021 06:00,28-07-2021 06:03
6AM_GL_STG,6AM_HR_STG,28-07-2021 06:00,28-07-2021 06:13
6AM_GL_3NF,6AM_CD,28-07-2021 06:25,28-07-2021 06:35
1PMCST_General_Ledger_load,Callidus_QMT,28-07-2021 13:13,28-07-2021 14:10
Callidus_QMT,APPO_SRC_TO_STG_LOAD,29-07-2021 00:05,29-07-2021 01:47
APPO_SRC_TO_STG_LOAD,CONTRACTS_SRC_TO_STG_LOAD,29-07-2021 00:09,29-07-2021 00:24
CONTRACTS_SRC_TO_STG_LOAD,Callidus_QMT,29-07-2021 00:10,29-07-2021 00:15
Common_Entities_3NF,Concur_STG,29-07-2021 01:30,29-07-2021 01:35
Account_Research_3NF,Common_Dimensions,29-07-2021 01:35,29-07-2021 02:34
Common_Dimensions,Adobe_STG,29-07-2021 01:45,29-07-2021 01:49
Concur_Ctas,Adobe_CIF_Load,29-07-2021 02:15,29-07-2021 02:17
Account_Research_DM,EDW_AIB_OO,29-07-2021 03:00,29-07-2021 03:23
EDW_AIB_OO,Customer_Support_DM,29-07-2021 03:40,29-07-2021 03:49
Customer_Support_DM,EDW_AIB_REVACC,29-07-2021 03:52,29-07-2021 04:51
EDW_AIB_REVACC,Callidus_QMT,29-07-2021 03:57,29-07-2021 04:23
6AM_HR_STG,6AM_GL_STG,29-07-2021 06:00,29-07-2021 06:05
6AM_GL_STG,Callidus_QMT,29-07-2021 06:02,29-07-2021 06:12
6AM_CD,6AM_GL_3NF,29-07-2021 06:24,29-07-2021 06:32
1PMCST_General_Ledger_load,Callidus_QMT,29-07-2021 13:15,29-07-2021 14:06
Callidus_QMT,APPO_SRC_TO_STG_LOAD,30-07-2021 00:05,30-07-2021 02:11
APPO_SRC_TO_STG_LOAD,CONTRACTS_SRC_TO_STG_LOAD,30-07-2021 00:09,30-07-2021 00:19
CONTRACTS_SRC_TO_STG_LOAD,Callidus_QMT,30-07-2021 00:10,30-07-2021 00:14
Common_Entities_3NF,Concur_STG,30-07-2021 01:28,30-07-2021 01:40
Account_Research_3NF,Common_Dimensions,30-07-2021 01:40,30-07-2021 02:39
Common_Dimensions,Adobe_STG,30-07-2021 01:45,30-07-2021 01:59
Appo_DM,Adobe_CIF_Load,30-07-2021 02:18,30-07-2021 02:27
Adobe_CIF_Load,Callidus_QMT,30-07-2021 02:24,30-07-2021 02:34
Account_Research_DM,EDW_AIB_OO,30-07-2021 03:25,30-07-2021 03:26
EDW_AIB_OO,Callidus_QMT,30-07-2021 03:27,30-07-2021 03:54
Customer_Support_DM,Callidus_QMT,30-07-2021 04:29,30-07-2021 04:55
6AM_GL_STG,6AM_HR_STG,30-07-2021 06:00,30-07-2021 06:11
6AM_CD,6AM_GL_3NF,30-07-2021 06:22,30-07-2021 06:28
6AM_GL_DM,Callidus_QMT,30-07-2021 06:32,30-07-2021 06:44
1PMCST_General_Ledger_load,EDW_Revenue_Accrual,30-07-2021 13:10,30-07-2021 14:07
Callidus_QMT,EDW_Revenue_Accrual,30-07-2021 13:43,30-07-2021 13:44
APPO_SRC_TO_STG_LOAD,CONTRACTS_SRC_TO_STG_LOAD,31-07-2021 00:09,31-07-2021 00:19
CONTRACTS_SRC_TO_STG_LOAD,Callidus_QMT,31-07-2021 00:10,31-07-2021 00:15
Callidus_QMT,AR_SRC_TO_STG_LOAD,31-07-2021 00:15,31-07-2021 02:16
Common_Entities_3NF,Concur_STG,31-07-2021 01:30,31-07-2021 01:37
Account_Research_3NF,Common_Dimensions,31-07-2021 01:37,31-07-2021 02:39
Common_Dimensions,Adobe_STG,31-07-2021 01:45,31-07-2021 01:56
Appo_DM,Adobe_CIF_Load,31-07-2021 02:17,31-07-2021 02:27
Adobe_CIF_Load,Concur_Ctas,31-07-2021 02:27,31-07-2021 02:36
Account_Research_DM,EDW_AIB_OO,31-07-2021 03:00,31-07-2021 03:23
EDW_AIB_OO,Callidus_QMT,31-07-2021 03:16,31-07-2021 03:46
Customer_Support_DM,Customer_Count,31-07-2021 04:00,31-07-2021 04:50
6AM_GL_STG,6AM_HR_STG,31-07-2021 06:00,31-07-2021 06:13
6AM_CE_3NF,Callidus_QMT,31-07-2021 06:21,31-07-2021 06:23
6AM_GL_3NF,6AM_CD,31-07-2021 06:23,31-07-2021 06:33
1PMCST_General_Ledger_load,Callidus_QMT,31-07-2021 13:32,31-07-2021 14:03
APPO_SRC_TO_STG_LOAD,CONTRACTS_SRC_TO_STG_LOAD,08-08-2021 00:09,08-08-2021 00:19
CONTRACTS_SRC_TO_STG_LOAD,Callidus_QMT,08-08-2021 00:10,08-08-2021 00:13
Common_Entities_3NF,Callidus_QMT,08-08-2021 01:10,08-08-2021 03:45
Common_Dimensions,Account_Research_3NF,08-08-2021 03:52,08-08-2021 03:56
Account_Research_3NF,Appo_DM,08-08-2021 03:56,08-08-2021 04:39
Appo_DM,EDW_AIB_OO,08-08-2021 03:56,08-08-2021 04:18
EDW_AIB_OO,Callidus_QMT,08-08-2021 04:15,08-08-2021 05:45
Account_Research_DM,Callidus_QMT,08-08-2021 05:17,08-08-2021 05:21
6AM_HR_STG,6AM_GL_STG,08-08-2021 06:00,08-08-2021 06:05
6AM_GL_STG,Customer_Support_DM,08-08-2021 06:07,08-08-2021 06:12
Customer_Support_DM,6AM_CE_3NF,08-08-2021 06:12,08-08-2021 07:18
6AM_CE_3NF,Callidus_QMT,08-08-2021 06:18,08-08-2021 06:22
6AM_GL_3NF,6AM_CD,08-08-2021 06:22,08-08-2021 06:31
1PMCST_General_Ledger_load,Callidus_QMT,08-08-2021 13:28,08-08-2021 14:01
APPO_SRC_TO_STG_LOAD,CONTRACTS_SRC_TO_STG_LOAD,09-08-2021 00:09,09-08-2021 00:21
CONTRACTS_SRC_TO_STG_LOAD,Callidus_QMT,09-08-2021 00:10,09-08-2021 00:14
Adobe_STG,Concur_STG,09-08-2021 01:29,09-08-2021 01:31
Common_Entities_3NF,EDW_Revenue_Accrual,09-08-2021 02:01,09-08-2021 02:42
Common_Dimensions,Account_Research_3NF,09-08-2021 02:42,09-08-2021 02:52
Account_Research_3NF,EDW_Revenue_Accrual,09-08-2021 02:44,09-08-2021 03:37
Appo_DM,EDW_AIB_OO,09-08-2021 03:00,09-08-2021 03:22
EDW_AIB_OO,CSOD_STG,09-08-2021 03:00,09-08-2021 04:46
CSOD_STG,EDW_Revenue_Accrual,09-08-2021 03:11,09-08-2021 04:26
Adobe_CIF_Load,Callidus_QMT,09-08-2021 03:20,09-08-2021 03:32
Account_Research_DM,EDW_Revenue_Accrual,09-08-2021 03:38,09-08-2021 04:20
Customer_Support_DM,EDW_Revenue_Accrual,09-08-2021 03:43,09-08-2021 04:43
EDW_AIB_REVACC,EDW_Revenue_Accrual,09-08-2021 04:53,09-08-2021 05:17
6AM_HR_STG,6AM_GL_STG,09-08-2021 06:00,09-08-2021 06:06
6AM_GL_3NF,6AM_CD,09-08-2021 06:24,09-08-2021 06:36
6AM_CD,Callidus_QMT,09-08-2021 06:25,09-08-2021 06:31
Callidus_QMT,EDW_Revenue_Accrual,09-08-2021 06:26,09-08-2021 06:27
6AM_GL_DM,EDW_Revenue_Accrual,09-08-2021 06:47,09-08-2021 06:51
EDW_Revenue_Accrual,Callidus_QMT,09-08-2021 07:27,09-08-2021 07:47
1PMCST_General_Ledger_load,Callidus_QMT,09-08-2021 13:39,09-08-2021 14:03
APPO_SRC_TO_STG_LOAD,CONTRACTS_SRC_TO_STG_LOAD,13-08-2021 00:09,13-08-2021 00:29
CONTRACTS_SRC_TO_STG_LOAD,Callidus_QMT,13-08-2021 00:10,13-08-2021 00:16
Callidus_QMT,AR_SRC_TO_STG_LOAD,13-08-2021 00:15,13-08-2021 00:23
Common_Entities_3NF,Callidus_QMT,13-08-2021 01:23,13-08-2021 01:39
Callidus_QMT,Concur_STG,13-08-2021 01:30,13-08-2021 03:18
Account_Research_3NF,Common_Dimensions,13-08-2021 01:39,13-08-2021 02:36
Common_Dimensions,Adobe_STG,13-08-2021 01:45,13-08-2021 01:53
Appo_DM,Adobe_CIF_Load,13-08-2021 02:14,13-08-2021 02:19
Adobe_CIF_Load,Concur_Ctas,13-08-2021 02:19,13-08-2021 02:32
EDW_AIB_OO,Customer_Support_DM,13-08-2021 03:29,13-08-2021 03:55
Customer_Support_DM,Callidus_QMT,13-08-2021 04:18,13-08-2021 04:36
6AM_GL_STG,6AM_HR_STG,13-08-2021 06:00,13-08-2021 06:13
6AM_CE_3NF,Callidus_QMT,13-08-2021 06:21,13-08-2021 06:25
6AM_GL_3NF,6AM_CD,13-08-2021 06:25,13-08-2021 06:36
1PMCST_General_Ledger_load,Callidus_QMT,13-08-2021 13:34,13-08-2021 14:04
Callidus_QMT,APPO_SRC_TO_STG_LOAD,14-08-2021 00:06,14-08-2021 01:12
APPO_SRC_TO_STG_LOAD,CONTRACTS_SRC_TO_STG_LOAD,14-08-2021 00:09,14-08-2021 00:20
CONTRACTS_SRC_TO_STG_LOAD,Callidus_QMT,14-08-2021 00:10,14-08-2021 00:14
Common_Entities_3NF,Callidus_QMT,14-08-2021 01:11,14-08-2021 01:37
Account_Research_3NF,Common_Dimensions,14-08-2021 01:37,14-08-2021 02:29
Common_Dimensions,Adobe_STG,14-08-2021 01:45,14-08-2021 01:48
Callidus_QMT,Concur_Ctas,14-08-2021 02:11,14-08-2021 02:13
Account_Research_DM,EDW_AIB_OO,14-08-2021 03:00,14-08-2021 03:14
EDW_AIB_OO,Callidus_QMT,14-08-2021 03:13,14-08-2021 03:39
Customer_Support_DM,Customer_Count,14-08-2021 04:00,14-08-2021 04:50
6AM_GL_STG,6AM_HR_STG,14-08-2021 06:00,14-08-2021 06:13
6AM_HR_STG,EDW_Revenue_Accrual,14-08-2021 06:04,14-08-2021 06:05
6AM_CE_3NF,Callidus_QMT,14-08-2021 06:19,14-08-2021 06:24
6AM_CD,EDW_Revenue_Accrual,14-08-2021 06:24,14-08-2021 06:30
EDW_Revenue_Accrual,6AM_GL_3NF,14-08-2021 06:24,14-08-2021 06:25
6AM_GL_DM,EDW_Revenue_Accrual,14-08-2021 06:35,14-08-2021 06:44
1PMCST_General_Ledger_load,Callidus_QMT,14-08-2021 13:28,14-08-2021 14:07
APPO_SRC_TO_STG_LOAD,CONTRACTS_SRC_TO_STG_LOAD,15-08-2021 00:09,15-08-2021 00:18
CONTRACTS_SRC_TO_STG_LOAD,Callidus_QMT,15-08-2021 00:10,15-08-2021 00:13
Common_Entities_3NF,Callidus_QMT,15-08-2021 01:15,15-08-2021 01:22
Common_Dimensions,Account_Research_3NF,15-08-2021 01:22,15-08-2021 01:33
Account_Research_3NF,Concur_STG,15-08-2021 01:30,15-08-2021 02:36
Appo_DM,Adobe_STG,15-08-2021 01:45,15-08-2021 01:51
Adobe_CIF_Load,Callidus_QMT,15-08-2021 02:17,15-08-2021 02:26
Account_Research_DM,EDW_AIB_OO,15-08-2021 03:00,15-08-2021 03:18
EDW_AIB_OO,Callidus_QMT,15-08-2021 03:19,15-08-2021 03:43
Customer_Support_DM,Callidus_QMT,15-08-2021 04:20,15-08-2021 04:49
6AM_HR_STG,6AM_GL_STG,15-08-2021 06:00,15-08-2021 06:06
6AM_GL_3NF,6AM_CD,15-08-2021 06:21,15-08-2021 06:28
6AM_CD,Callidus_QMT,15-08-2021 06:23,15-08-2021 06:26
1PMCST_General_Ledger_load,Callidus_QMT,15-08-2021 13:36,15-08-2021 14:00
APPO_SRC_TO_STG_LOAD,CONTRACTS_SRC_TO_STG_LOAD,16-08-2021 00:09,16-08-2021 00:16
CONTRACTS_SRC_TO_STG_LOAD,Callidus_QMT,16-08-2021 00:10,16-08-2021 00:12
Callidus_QMT,EDW_Revenue_Accrual,16-08-2021 00:10,16-08-2021 00:13
AR_SRC_TO_STG_LOAD,EDW_Revenue_Accrual,16-08-2021 00:16,16-08-2021 00:23
Callidus_QMT,EDW_Revenue_Accrual,16-08-2021 01:15,16-08-2021 01:16
Common_Entities_3NF,EDW_Revenue_Accrual,16-08-2021 01:26,16-08-2021 02:04
Account_Research_3NF,Common_Dimensions,16-08-2021 02:04,16-08-2021 02:55
Appo_DM,Callidus_QMT,16-08-2021 02:16,16-08-2021 02:41
Adobe_CIF_Load,Concur_Ctas,16-08-2021 02:41,16-08-2021 02:50
Account_Research_DM,EDW_Revenue_Accrual,16-08-2021 02:57,16-08-2021 03:39
CSOD_STG,EDW_AIB_OO,16-08-2021 03:13,16-08-2021 03:33
EDW_AIB_OO,Callidus_QMT,16-08-2021 03:20,16-08-2021 04:05
Customer_Support_DM,Callidus_QMT,16-08-2021 04:21,16-08-2021 04:57
6AM_HR_STG,6AM_GL_STG,16-08-2021 06:00,16-08-2021 06:05
Callidus_QMT,6AM_CD,16-08-2021 06:24,16-08-2021 06:26
6AM_CD,6AM_GL_3NF,16-08-2021 06:24,16-08-2021 06:31
1PMCST_General_Ledger_load,Callidus_QMT,16-08-2021 13:36,16-08-2021 14:03
Callidus_QMT,APPO_SRC_TO_STG_LOAD,17-08-2021 00:05,17-08-2021 01:06
APPO_SRC_TO_STG_LOAD,CONTRACTS_SRC_TO_STG_LOAD,17-08-2021 00:09,17-08-2021 00:21
CONTRACTS_SRC_TO_STG_LOAD,Callidus_QMT,17-08-2021 00:10,17-08-2021 00:14
Common_Entities_3NF,Callidus_QMT,17-08-2021 01:20,17-08-2021 01:38
Account_Research_3NF,Common_Dimensions,17-08-2021 01:38,17-08-2021 02:34
Common_Dimensions,Adobe_STG,17-08-2021 01:45,17-08-2021 01:52
Appo_DM,Adobe_CIF_Load,17-08-2021 02:15,17-08-2021 02:18
Adobe_CIF_Load,Concur_Ctas,17-08-2021 02:18,17-08-2021 02:32
Account_Research_DM,CSOD_STG,17-08-2021 03:00,17-08-2021 03:20
CSOD_STG,EDW_AIB_OO,17-08-2021 03:00,17-08-2021 03:31
EDW_AIB_OO,Callidus_QMT,17-08-2021 03:25,17-08-2021 03:44
Customer_Support_DM,Callidus_QMT,17-08-2021 04:27,17-08-2021 04:55
6AM_HR_STG,6AM_GL_STG,17-08-2021 06:00,17-08-2021 06:05
6AM_GL_3NF,6AM_CD,17-08-2021 06:22,17-08-2021 06:32
Callidus_QMT,6AM_GL_DM,17-08-2021 06:32,17-08-2021 06:33
Callidus_QMT,1PMCST_General_Ledger_load,17-08-2021 13:00,17-08-2021 17:10
1PMCST_General_Ledger_load,EDW_Revenue_Accrual,17-08-2021 13:54,17-08-2021 14:11
Callidus_QMT,EDW_Revenue_Accrual,17-08-2021 20:14,17-08-2021 20:16
APPO_SRC_TO_STG_LOAD,CONTRACTS_SRC_TO_STG_LOAD,18-08-2021 00:09,18-08-2021 00:19
CONTRACTS_SRC_TO_STG_LOAD,Callidus_QMT,18-08-2021 00:10,18-08-2021 00:14
Callidus_QMT,AR_SRC_TO_STG_LOAD,18-08-2021 00:15,18-08-2021 00:16
Common_Entities_3NF,Callidus_QMT,18-08-2021 01:16,18-08-2021 01:28
Common_Dimensions,Account_Research_3NF,18-08-2021 01:28,18-08-2021 01:40
Account_Research_3NF,Concur_STG,18-08-2021 01:30,18-08-2021 02:23
Appo_DM,Adobe_STG,18-08-2021 01:45,18-08-2021 02:08
Adobe_CIF_Load,Callidus_QMT,18-08-2021 02:18,18-08-2021 02:34
Account_Research_DM,EDW_AIB_OO,18-08-2021 03:00,18-08-2021 03:09
EDW_AIB_OO,CSOD_STG,18-08-2021 03:00,18-08-2021 03:35
CSOD_STG,Callidus_QMT,18-08-2021 03:21,18-08-2021 03:31
Customer_Support_DM,Callidus_QMT,18-08-2021 04:23,18-08-2021 04:50
6AM_GL_STG,6AM_HR_STG,18-08-2021 06:00,18-08-2021 06:11
6AM_CD,6AM_GL_3NF,18-08-2021 06:23,18-08-2021 06:29
6AM_GL_3NF,Callidus_QMT,18-08-2021 06:26,18-08-2021 06:32
1PMCST_General_Ledger_load,Callidus_QMT,18-08-2021 13:58,19-08-2021 00:10
APPO_SRC_TO_STG_LOAD,CONTRACTS_SRC_TO_STG_LOAD,19-08-2021 00:09,19-08-2021 00:19
CONTRACTS_SRC_TO_STG_LOAD,Callidus_QMT,19-08-2021 00:10,19-08-2021 00:15
Callidus_QMT,AR_SRC_TO_STG_LOAD,19-08-2021 00:15,19-08-2021 00:17
Common_Entities_3NF,Callidus_QMT,19-08-2021 01:17,19-08-2021 01:29
Common_Dimensions,Concur_STG,19-08-2021 01:30,19-08-2021 01:40
Account_Research_3NF,Appo_DM,19-08-2021 01:40,19-08-2021 02:34
Appo_DM,Adobe_STG,19-08-2021 01:45,19-08-2021 02:06
Adobe_CIF_Load,Callidus_QMT,19-08-2021 02:19,19-08-2021 02:30
Account_Research_DM,EDW_AIB_OO,19-08-2021 03:00,19-08-2021 03:17
EDW_AIB_OO,CSOD_STG,19-08-2021 03:00,19-08-2021 03:42
CSOD_STG,Callidus_QMT,19-08-2021 03:21,19-08-2021 03:32
Customer_Support_DM,Callidus_QMT,19-08-2021 04:22,19-08-2021 04:52
6AM_HR_STG,6AM_GL_STG,19-08-2021 06:00,19-08-2021 06:05
6AM_GL_3NF,6AM_CD,19-08-2021 06:23,19-08-2021 06:32
6AM_CD,Callidus_QMT,19-08-2021 06:25,19-08-2021 06:29
1PMCST_General_Ledger_load,Callidus_QMT,19-08-2021 14:51,19-08-2021 15:54
APPO_SRC_TO_STG_LOAD,CONTRACTS_SRC_TO_STG_LOAD,20-08-2021 00:09,20-08-2021 00:19
CONTRACTS_SRC_TO_STG_LOAD,Callidus_QMT,20-08-2021 00:10,20-08-2021 00:15
Callidus_QMT,AR_SRC_TO_STG_LOAD,20-08-2021 00:15,20-08-2021 02:08
Common_Entities_3NF,Concur_STG,20-08-2021 01:30,20-08-2021 01:35
Account_Research_3NF,Common_Dimensions,20-08-2021 01:36,20-08-2021 04:22
Common_Dimensions,Adobe_STG,20-08-2021 01:45,20-08-2021 01:53
Appo_DM,Adobe_CIF_Load,20-08-2021 02:13,20-08-2021 02:17
Adobe_CIF_Load,Concur_Ctas,20-08-2021 02:17,20-08-2021 02:28
CSOD_STG,Callidus_QMT,20-08-2021 03:08,20-08-2021 03:32
Customer_Support_DM,Callidus_QMT,20-08-2021 04:10,20-08-2021 04:51
6AM_HR_STG,6AM_GL_STG,20-08-2021 06:00,20-08-2021 06:07
Callidus_QMT,6AM_CE_3NF,20-08-2021 06:13,20-08-2021 06:15
6AM_GL_3NF,6AM_CD,20-08-2021 06:23,20-08-2021 06:32
1PMCST_General_Ledger_load,EDW_Revenue_Accrual,20-08-2021 13:02,20-08-2021 14:04
APPO_SRC_TO_STG_LOAD,CONTRACTS_SRC_TO_STG_LOAD,22-08-2021 00:09,22-08-2021 00:19
CONTRACTS_SRC_TO_STG_LOAD,Callidus_QMT,22-08-2021 00:10,22-08-2021 00:15
Common_Entities_3NF,Callidus_QMT,22-08-2021 01:15,22-08-2021 01:26
Account_Research_3NF,Common_Dimensions,22-08-2021 01:26,22-08-2021 02:15
Common_Dimensions,Concur_STG,22-08-2021 01:30,22-08-2021 01:36
Appo_DM,Adobe_STG,22-08-2021 01:45,22-08-2021 01:58
Adobe_CIF_Load,Account_Research_DM,22-08-2021 02:15,22-08-2021 02:32
Account_Research_DM,Callidus_QMT,22-08-2021 02:17,22-08-2021 03:01
EDW_AIB_OO,CSOD_STG,22-08-2021 03:00,22-08-2021 03:29
CSOD_STG,Callidus_QMT,22-08-2021 03:21,22-08-2021 03:34
6AM_HR_STG,6AM_GL_STG,22-08-2021 06:00,22-08-2021 06:04
6AM_GL_3NF,6AM_CD,22-08-2021 06:22,22-08-2021 06:30
6AM_CD,Callidus_QMT,22-08-2021 06:26,22-08-2021 06:28
1PMCST_General_Ledger_load,EDW_Revenue_Accrual,22-08-2021 13:01,22-08-2021 14:00
APPO_SRC_TO_STG_LOAD,CONTRACTS_SRC_TO_STG_LOAD,23-08-2021 00:09,23-08-2021 00:20
CONTRACTS_SRC_TO_STG_LOAD,Callidus_QMT,23-08-2021 00:10,23-08-2021 00:14
Common_Entities_3NF,Callidus_QMT,23-08-2021 01:15,23-08-2021 01:25
Common_Dimensions,Account_Research_3NF,23-08-2021 01:25,23-08-2021 01:35
Account_Research_3NF,Concur_STG,23-08-2021 01:30,23-08-2021 02:50
Appo_DM,Adobe_STG,23-08-2021 01:45,23-08-2021 01:56
Adobe_CIF_Load,Callidus_QMT,23-08-2021 02:17,23-08-2021 02:26
Account_Research_DM,CSOD_STG,23-08-2021 03:00,23-08-2021 03:34
CSOD_STG,Callidus_QMT,23-08-2021 03:20,23-08-2021 03:35
EDW_AIB_OO,Customer_Support_DM,23-08-2021 03:40,23-08-2021 04:01
Customer_Support_DM,Callidus_QMT,23-08-2021 04:23,23-08-2021 04:52
6AM_GL_STG,6AM_HR_STG,23-08-2021 06:00,23-08-2021 06:15
Callidus_QMT,6AM_CD,23-08-2021 06:26,23-08-2021 06:28
6AM_CD,6AM_GL_3NF,23-08-2021 06:26,23-08-2021 06:32
1PMCST_General_Ledger_load,Callidus_QMT,23-08-2021 13:38,23-08-2021 14:04
Callidus_QMT,APPO_SRC_TO_STG_LOAD,24-08-2021 00:05,24-08-2021 01:56
APPO_SRC_TO_STG_LOAD,CONTRACTS_SRC_TO_STG_LOAD,24-08-2021 00:09,24-08-2021 00:20
Common_Entities_3NF,Concur_STG,24-08-2021 01:30,24-08-2021 01:51
Common_Dimensions,Account_Research_3NF,24-08-2021 01:51,24-08-2021 02:03
Account_Research_3NF,Callidus_QMT,24-08-2021 01:57,24-08-2021 02:48
Appo_DM,EDW_Revenue_Accrual,24-08-2021 02:10,24-08-2021 02:29
Adobe_CIF_Load,EDW_Revenue_Accrual,24-08-2021 02:21,24-08-2021 02:38
Account_Research_DM,EDW_Revenue_Accrual,24-08-2021 02:53,24-08-2021 03:36
Callidus_QMT,CSOD_STG,24-08-2021 03:00,24-08-2021 03:02
CSOD_STG,EDW_AIB_OO,24-08-2021 03:00,24-08-2021 03:32
EDW_AIB_OO,EDW_Revenue_Accrual,24-08-2021 03:03,24-08-2021 04:00
Customer_Support_DM,EDW_Revenue_Accrual,24-08-2021 03:43,24-08-2021 04:50
Callidus_QMT,EDW_Revenue_Accrual,24-08-2021 04:04,24-08-2021 04:05
6AM_HR_STG,6AM_GL_STG,24-08-2021 06:00,24-08-2021 06:06
6AM_GL_STG,Callidus_QMT,24-08-2021 06:07,24-08-2021 06:14
Callidus_QMT,EDW_Revenue_Accrual,24-08-2021 06:08,24-08-2021 06:12
6AM_CD,6AM_GL_3NF,24-08-2021 06:25,24-08-2021 06:31
1PMCST_General_Ledger_load,Callidus_QMT,24-08-2021 13:23,24-08-2021 14:04
Callidus_QMT,EDW_Revenue_Accrual,24-08-2021 14:26,24-08-2021 14:27
Callidus_QMT,APPO_SRC_TO_STG_LOAD,25-08-2021 00:05,25-08-2021 01:30
APPO_SRC_TO_STG_LOAD,CONTRACTS_SRC_TO_STG_LOAD,25-08-2021 00:09,25-08-2021 00:22
CONTRACTS_SRC_TO_STG_LOAD,Callidus_QMT,25-08-2021 00:10,25-08-2021 00:16
Common_Entities_3NF,Concur_STG,25-08-2021 01:30,25-08-2021 01:36
Account_Research_3NF,Common_Dimensions,25-08-2021 01:36,25-08-2021 02:30
Common_Dimensions,Adobe_STG,25-08-2021 01:45,25-08-2021 01:47
Adobe_CIF_Load,Concur_Ctas,25-08-2021 02:13,25-08-2021 02:29
Account_Research_DM,Callidus_QMT,25-08-2021 02:37,25-08-2021 03:12
CSOD_STG,EDW_AIB_OO,25-08-2021 03:00,25-08-2021 03:32
Callidus_QMT,Customer_Support_DM,25-08-2021 03:40,25-08-2021 03:41
Customer_Support_DM,Callidus_QMT,25-08-2021 04:41,25-08-2021 04:46
6AM_GL_STG,6AM_HR_STG,25-08-2021 06:00,25-08-2021 06:14
6AM_GL_3NF,6AM_CD,25-08-2021 06:25,25-08-2021 06:36
6AM_GL_DM,Callidus_QMT,25-08-2021 06:44,25-08-2021 06:45
1PMCST_General_Ledger_load,Callidus_QMT,25-08-2021 13:58,25-08-2021 14:04
Callidus_QMT,EDW_Revenue_Accrual,25-08-2021 16:04,25-08-2021 16:05
Callidus_QMT,EDW_Revenue_Accrual,25-08-2021 18:10,25-08-2021 18:13
Callidus_QMT,APPO_SRC_TO_STG_LOAD,26-08-2021 00:05,26-08-2021 02:02
APPO_SRC_TO_STG_LOAD,CONTRACTS_SRC_TO_STG_LOAD,26-08-2021 00:09,26-08-2021 00:20
AR_SRC_TO_STG_LOAD,EDW_Revenue_Accrual,26-08-2021 00:20,26-08-2021 00:23
Common_Entities_3NF,Concur_STG,26-08-2021 01:30,26-08-2021 01:39
Account_Research_3NF,Common_Dimensions,26-08-2021 01:39,26-08-2021 02:38
Common_Dimensions,Adobe_STG,26-08-2021 01:45,26-08-2021 01:59
Adobe_STG,Appo_DM,26-08-2021 01:59,26-08-2021 02:00
Appo_DM,Callidus_QMT,26-08-2021 02:05,26-08-2021 02:24
Adobe_CIF_Load,Concur_Ctas,26-08-2021 02:24,26-08-2021 02:36
Account_Research_DM,CSOD_STG,26-08-2021 03:00,26-08-2021 03:26
CSOD_STG,EDW_AIB_OO,26-08-2021 03:00,26-08-2021 03:32
EDW_AIB_OO,Callidus_QMT,26-08-2021 03:07,26-08-2021 03:51
Customer_Support_DM,Callidus_QMT,26-08-2021 04:09,26-08-2021 04:53
6AM_GL_STG,6AM_HR_STG,26-08-2021 06:00,26-08-2021 06:11
6AM_CE_3NF,Callidus_QMT,26-08-2021 06:14,26-08-2021 06:22
6AM_GL_3NF,6AM_CD,26-08-2021 06:22,26-08-2021 06:26
6AM_CD,6AM_GL_3NF,26-08-2021 06:27,26-08-2021 06:28
1PMCST_General_Ledger_load,Callidus_QMT,26-08-2021 13:30,26-08-2021 14:04
Callidus_QMT,APPO_SRC_TO_STG_LOAD,27-08-2021 00:05,27-08-2021 02:38
APPO_SRC_TO_STG_LOAD,CONTRACTS_SRC_TO_STG_LOAD,27-08-2021 00:09,27-08-2021 00:19
Account_Research_3NF,Common_Dimensions,27-08-2021 01:29,27-08-2021 02:32
Common_Dimensions,Concur_STG,27-08-2021 01:30,27-08-2021 01:49
Adobe_CIF_Load,Concur_Ctas,27-08-2021 02:18,27-08-2021 02:35
Account_Research_DM,Callidus_QMT,27-08-2021 02:39,27-08-2021 03:20
CSOD_STG,EDW_AIB_OO,27-08-2021 03:01,27-08-2021 03:33
EDW_AIB_OO,Customer_Support_DM,27-08-2021 03:40,27-08-2021 03:46
Customer_Support_DM,Callidus_QMT,27-08-2021 03:41,27-08-2021 04:48
Callidus_QMT,EDW_Revenue_Accrual,27-08-2021 04:42,27-08-2021 04:44
6AM_HR_STG,6AM_GL_STG,27-08-2021 06:00,27-08-2021 06:04
6AM_GL_STG,EDW_Revenue_Accrual,27-08-2021 06:10,27-08-2021 06:13
6AM_CE_3NF,EDW_Revenue_Accrual,27-08-2021 06:20,27-08-2021 06:24
6AM_CD,6AM_GL_3NF,27-08-2021 06:24,27-08-2021 06:31
6AM_GL_3NF,EDW_Revenue_Accrual,27-08-2021 06:31,27-08-2021 06:34
6AM_GL_DM,EDW_Revenue_Accrual,27-08-2021 06:36,27-08-2021 06:43
1PMCST_General_Ledger_load,Callidus_QMT,27-08-2021 13:57,27-08-2021 14:04
Concur_STG,Adobe_STG,28-08-2021 01:23,28-08-2021 01:26
Common_Entities_3NF,Callidus_QMT,28-08-2021 02:55,28-08-2021 03:21
CSOD_STG,Common_Entities_3NF,28-08-2021 03:24,28-08-2021 03:34
Common_Dimensions,Account_Research_3NF,28-08-2021 03:36,28-08-2021 03:38
Account_Research_3NF,Appo_DM,28-08-2021 03:39,28-08-2021 04:23
Appo_DM,Callidus_QMT,28-08-2021 03:57,28-08-2021 04:00
Account_Research_DM,Customer_Support_DM,28-08-2021 04:43,28-08-2021 05:13
Customer_Support_DM,EDW_AIB_OO,28-08-2021 04:51,28-08-2021 06:08
EDW_AIB_OO,Callidus_QMT,28-08-2021 04:59,28-08-2021 05:43
Callidus_QMT,Adobe_CIF_Load,28-08-2021 05:00,28-08-2021 05:01
6AM_GL_STG,6AM_HR_STG,28-08-2021 06:00,28-08-2021 06:13
6AM_HR_STG,Callidus_QMT,28-08-2021 06:01,28-08-2021 06:06
6AM_GL_3NF,6AM_CD,28-08-2021 06:23,28-08-2021 06:31
1PMCST_General_Ledger_load,Callidus_QMT,28-08-2021 13:18,28-08-2021 14:01
APPO_SRC_TO_STG_LOAD,CONTRACTS_SRC_TO_STG_LOAD,29-08-2021 00:09,29-08-2021 00:18
CONTRACTS_SRC_TO_STG_LOAD,Callidus_QMT,29-08-2021 00:10,29-08-2021 00:14
Callidus_QMT,AR_SRC_TO_STG_LOAD,29-08-2021 00:15,29-08-2021 00:16
Common_Entities_3NF,EDW_Revenue_Accrual,29-08-2021 00:47,29-08-2021 01:22
Account_Research_3NF,Common_Dimensions,29-08-2021 01:22,29-08-2021 02:09
Common_Dimensions,Concur_STG,29-08-2021 01:30,29-08-2021 01:33
Appo_DM,Adobe_STG,29-08-2021 01:45,29-08-2021 01:56
Account_Research_DM,Adobe_CIF_Load,29-08-2021 02:14,29-08-2021 02:54
Adobe_CIF_Load,Callidus_QMT,29-08-2021 02:17,29-08-2021 02:28
EDW_AIB_OO,CSOD_STG,29-08-2021 03:00,29-08-2021 03:29
CSOD_STG,EDW_Revenue_Accrual,29-08-2021 03:04,29-08-2021 03:32
Customer_Support_DM,Callidus_QMT,29-08-2021 04:20,29-08-2021 04:43
6AM_GL_STG,6AM_HR_STG,29-08-2021 06:00,29-08-2021 06:12
6AM_CD,6AM_GL_3NF,29-08-2021 06:22,29-08-2021 06:28
6AM_GL_3NF,Callidus_QMT,29-08-2021 06:24,29-08-2021 06:32
Callidus_QMT,EDW_Revenue_Accrual,29-08-2021 09:31,29-08-2021 09:32
1PMCST_General_Ledger_load,Callidus_QMT,29-08-2021 13:35,29-08-2021 13:58
APPO_SRC_TO_STG_LOAD,CONTRACTS_SRC_TO_STG_LOAD,30-08-2021 00:09,30-08-2021 00:18
CONTRACTS_SRC_TO_STG_LOAD,Callidus_QMT,30-08-2021 00:10,30-08-2021 00:13
Common_Entities_3NF,Callidus_QMT,30-08-2021 01:15,30-08-2021 01:22
Account_Research_3NF,Common_Dimensions,30-08-2021 01:22,30-08-2021 02:10
Common_Dimensions,Concur_STG,30-08-2021 01:30,30-08-2021 01:32
Concur_STG,Appo_DM,30-08-2021 01:32,30-08-2021 01:33
Appo_DM,Adobe_STG,30-08-2021 01:45,30-08-2021 01:54
Account_Research_DM,Adobe_CIF_Load,30-08-2021 02:15,30-08-2021 02:58
Adobe_CIF_Load,Callidus_QMT,30-08-2021 02:17,30-08-2021 02:33
EDW_AIB_OO,CSOD_STG,30-08-2021 03:00,30-08-2021 03:24
CSOD_STG,Callidus_QMT,30-08-2021 03:20,30-08-2021 03:33
Customer_Support_DM,Callidus_QMT,30-08-2021 04:23,30-08-2021 04:43
6AM_HR_STG,6AM_GL_STG,30-08-2021 06:00,30-08-2021 06:09
6AM_CD,6AM_GL_3NF,30-08-2021 06:24,30-08-2021 06:30
6AM_GL_3NF,Callidus_QMT,30-08-2021 06:26,30-08-2021 06:34
1PMCST_General_Ledger_load,Callidus_QMT,30-08-2021 13:40,30-08-2021 14:01
Callidus_QMT,EDW_Revenue_Accrual,30-08-2021 20:49,30-08-2021 20:51
Callidus_QMT,APPO_SRC_TO_STG_LOAD,31-08-2021 00:05,31-08-2021 01:35
APPO_SRC_TO_STG_LOAD,CONTRACTS_SRC_TO_STG_LOAD,31-08-2021 00:09,31-08-2021 00:21
CONTRACTS_SRC_TO_STG_LOAD,Callidus_QMT,31-08-2021 00:10,31-08-2021 00:16
Common_Entities_3NF,Concur_STG,31-08-2021 01:30,31-08-2021 01:42
Account_Research_3NF,Common_Dimensions,31-08-2021 01:42,31-08-2021 02:37
Common_Dimensions,Adobe_STG,31-08-2021 01:45,31-08-2021 01:53
Appo_DM,Adobe_CIF_Load,31-08-2021 02:15,31-08-2021 02:18
Adobe_CIF_Load,Concur_Ctas,31-08-2021 02:18,31-08-2021 02:33
Callidus_QMT,Account_Research_DM,31-08-2021 02:37,31-08-2021 02:40
Account_Research_DM,CSOD_STG,31-08-2021 03:00,31-08-2021 03:25
CSOD_STG,EDW_AIB_OO,31-08-2021 03:00,31-08-2021 03:32
EDW_AIB_OO,EDW_Revenue_Accrual,31-08-2021 03:01,31-08-2021 03:49
Callidus_QMT,Customer_Support_DM,31-08-2021 03:40,31-08-2021 03:41
Customer_Support_DM,Callidus_QMT,31-08-2021 04:41,31-08-2021 04:51
6AM_HR_STG,6AM_GL_STG,31-08-2021 06:00,31-08-2021 06:05
6AM_GL_3NF,6AM_CD,31-08-2021 06:22,31-08-2021 06:31
1PMCST_General_Ledger_load,Callidus_QMT,31-08-2021 13:56,31-08-2021 14:04
APPO_SRC_TO_STG_LOAD,EDW_Revenue_Accrual,07-09-2021 00:05,07-09-2021 00:18
CONTRACTS_SRC_TO_STG_LOAD,Callidus_QMT,07-09-2021 00:10,07-09-2021 00:14
Callidus_QMT,EDW_Revenue_Accrual,07-09-2021 00:10,07-09-2021 00:15
AR_SRC_TO_STG_LOAD,EDW_Revenue_Accrual,07-09-2021 00:16,07-09-2021 00:24
Common_Entities_3NF,Callidus_QMT,07-09-2021 01:15,07-09-2021 02:19
Callidus_QMT,EDW_Revenue_Accrual,07-09-2021 02:18,07-09-2021 02:19
Account_Research_3NF,Common_Dimensions,07-09-2021 02:19,07-09-2021 03:15
Common_Dimensions,EDW_Revenue_Accrual,07-09-2021 02:28,07-09-2021 02:43
Appo_DM,EDW_Revenue_Accrual,07-09-2021 02:44,07-09-2021 03:12
Adobe_CIF_Load,EDW_Revenue_Accrual,07-09-2021 02:49,07-09-2021 03:02
Account_Research_DM,Callidus_QMT,07-09-2021 03:19,07-09-2021 04:02
EDW_AIB_OO,Customer_Support_DM,07-09-2021 03:40,07-09-2021 04:29
Customer_Support_DM,Callidus_QMT,07-09-2021 04:22,07-09-2021 04:55
6AM_HR_STG,6AM_GL_STG,07-09-2021 06:00,07-09-2021 06:06
6AM_CD,Callidus_QMT,07-09-2021 06:26,07-09-2021 06:42
Callidus_QMT,6AM_GL_3NF,07-09-2021 06:26,07-09-2021 08:11
APPO_SRC_TO_STG_LOAD,CONTRACTS_SRC_TO_STG_LOAD,08-09-2021 00:09,08-09-2021 00:21
CONTRACTS_SRC_TO_STG_LOAD,Callidus_QMT,08-09-2021 00:10,08-09-2021 00:15
Callidus_QMT,AR_SRC_TO_STG_LOAD,08-09-2021 00:15,08-09-2021 00:17
Callidus_QMT,Adobe_STG,08-09-2021 01:45,08-09-2021 02:47
Common_Dimensions,Account_Research_3NF,08-09-2021 02:48,08-09-2021 02:55
Account_Research_3NF,Appo_DM,08-09-2021 03:03,08-09-2021 03:38
Appo_DM,Adobe_CIF_Load,08-09-2021 03:16,08-09-2021 03:26
Adobe_CIF_Load,Concur_Ctas,08-09-2021 03:26,08-09-2021 03:32
Account_Research_DM,Customer_Support_DM,08-09-2021 03:40,08-09-2021 04:23
Customer_Support_DM,Callidus_QMT,08-09-2021 03:47,08-09-2021 04:45
EDW_AIB_OO,Callidus_QMT,08-09-2021 04:49,08-09-2021 04:51
6AM_HR_STG,6AM_GL_STG,08-09-2021 06:00,08-09-2021 06:05
6AM_CD,6AM_GL_3NF,08-09-2021 06:23,08-09-2021 06:29
1PMCST_General_Ledger_load,Callidus_QMT,08-09-2021 13:03,08-09-2021 14:03
Callidus_QMT,APPO_SRC_TO_STG_LOAD,09-09-2021 00:05,08-10-2021 01:51
APPO_SRC_TO_STG_LOAD,CONTRACTS_SRC_TO_STG_LOAD,09-09-2021 00:09,09-09-2021 00:20
Adobe_STG,Concur_STG,09-09-2021 01:27,09-09-2021 01:29
Common_Entities_3NF,Callidus_QMT,09-09-2021 01:53,09-09-2021 02:20
Common_Dimensions,Account_Research_3NF,09-09-2021 02:20,09-09-2021 02:33
Account_Research_3NF,Appo_DM,09-09-2021 02:33,09-09-2021 03:19
Appo_DM,Callidus_QMT,09-09-2021 02:56,09-09-2021 02:57
Callidus_QMT,Concur_Ctas,09-09-2021 02:57,09-09-2021 02:59
Concur_Ctas,Adobe_CIF_Load,09-09-2021 02:59,09-09-2021 03:00
Adobe_CIF_Load,CSOD_STG,09-09-2021 03:00,09-09-2021 03:15
CSOD_STG,EDW_AIB_OO,09-09-2021 03:00,09-09-2021 04:21
EDW_AIB_OO,Account_Research_DM,09-09-2021 03:19,09-09-2021 04:32
Account_Research_DM,Customer_Support_DM,09-09-2021 03:40,09-09-2021 04:06
Customer_Support_DM,Callidus_QMT,09-09-2021 03:59,09-09-2021 04:59
6AM_HR_STG,6AM_GL_STG,09-09-2021 06:00,09-09-2021 06:04
6AM_GL_STG,Callidus_QMT,09-09-2021 06:03,09-09-2021 06:13
6AM_CD,6AM_GL_3NF,09-09-2021 06:24,09-09-2021 06:30
Callidus_QMT,1PMCST_General_Ledger_load,09-09-2021 13:00,09-09-2021 17:04
APPO_SRC_TO_STG_LOAD,CONTRACTS_SRC_TO_STG_LOAD,13-09-2021 00:09,13-09-2021 00:19
CONTRACTS_SRC_TO_STG_LOAD,Callidus_QMT,13-09-2021 00:10,13-09-2021 00:15
Callidus_QMT,AR_SRC_TO_STG_LOAD,13-09-2021 00:15,13-09-2021 00:16
Concur_STG,Common_Entities_3NF,13-09-2021 01:31,13-09-2021 01:33
Common_Entities_3NF,Adobe_STG,13-09-2021 01:45,13-09-2021 02:15
Account_Research_3NF,Common_Dimensions,13-09-2021 02:15,13-09-2021 03:09
Common_Dimensions,Callidus_QMT,13-09-2021 02:18,13-09-2021 02:26
Callidus_QMT,Appo_DM,13-09-2021 02:26,13-09-2021 05:04
Appo_DM,Adobe_CIF_Load,13-09-2021 02:47,13-09-2021 02:49
Adobe_CIF_Load,Concur_Ctas,13-09-2021 02:49,13-09-2021 03:03
CSOD_STG,Account_Research_DM,13-09-2021 03:09,13-09-2021 04:34
Account_Research_DM,EDW_AIB_OO,13-09-2021 03:37,13-09-2021 04:00
EDW_AIB_OO,Customer_Support_DM,13-09-2021 03:40,13-09-2021 04:38
6AM_HR_STG,6AM_GL_STG,13-09-2021 06:00,13-09-2021 06:06
6AM_GL_STG,Callidus_QMT,13-09-2021 06:04,13-09-2021 06:15
6AM_GL_3NF,6AM_CD,13-09-2021 06:25,13-09-2021 06:34
1PMCST_General_Ledger_load,Callidus_QMT,13-09-2021 13:20,13-09-2021 23:57
APPO_SRC_TO_STG_LOAD,CONTRACTS_SRC_TO_STG_LOAD,14-09-2021 00:09,14-09-2021 00:21
CONTRACTS_SRC_TO_STG_LOAD,Callidus_QMT,14-09-2021 00:10,14-09-2021 00:14
Callidus_QMT,AR_SRC_TO_STG_LOAD,14-09-2021 00:15,14-09-2021 00:17
Common_Entities_3NF,Callidus_QMT,14-09-2021 01:17,14-09-2021 01:47
Callidus_QMT,Concur_STG,14-09-2021 01:30,14-09-2021 03:16
Common_Dimensions,Account_Research_3NF,14-09-2021 01:47,14-09-2021 02:00
Account_Research_3NF,Appo_DM,14-09-2021 02:00,14-09-2021 02:45
Appo_DM,Adobe_CIF_Load,14-09-2021 02:20,14-09-2021 02:25
Adobe_CIF_Load,Concur_Ctas,14-09-2021 02:25,14-09-2021 02:38
Account_Research_DM,EDW_AIB_OO,14-09-2021 03:00,14-09-2021 03:29
EDW_AIB_OO,CSOD_STG,14-09-2021 03:00,14-09-2021 03:53
CSOD_STG,Customer_Support_DM,14-09-2021 03:40,14-09-2021 04:22
Customer_Support_DM,Callidus_QMT,14-09-2021 04:16,14-09-2021 04:55
6AM_GL_STG,6AM_HR_STG,14-09-2021 06:00,14-09-2021 06:12
6AM_CE_3NF,Callidus_QMT,14-09-2021 06:20,14-09-2021 06:23
6AM_GL_3NF,6AM_CD,14-09-2021 06:23,14-09-2021 06:34
1PMCST_General_Ledger_load,Callidus_QMT,14-09-2021 13:30,14-09-2021 14:05
APPO_SRC_TO_STG_LOAD,CONTRACTS_SRC_TO_STG_LOAD,15-09-2021 00:09,15-09-2021 00:19
CONTRACTS_SRC_TO_STG_LOAD,Callidus_QMT,15-09-2021 00:10,15-09-2021 00:13
Common_Entities_3NF,Callidus_QMT,15-09-2021 01:15,15-09-2021 01:20
Common_Dimensions,Account_Research_3NF,15-09-2021 01:20,15-09-2021 01:33
Account_Research_3NF,Concur_STG,15-09-2021 01:30,15-09-2021 02:15
Appo_DM,Adobe_STG,15-09-2021 01:45,15-09-2021 01:54
Account_Research_DM,Callidus_QMT,15-09-2021 02:17,15-09-2021 03:08
Callidus_QMT,Adobe_CIF_Load,15-09-2021 02:19,15-09-2021 05:07
EDW_AIB_OO,CSOD_STG,15-09-2021 03:00,15-09-2021 03:33
CSOD_STG,Customer_Support_DM,15-09-2021 03:40,15-09-2021 04:25
Customer_Support_DM,EDW_AIB_REVACC,15-09-2021 03:49,15-09-2021 05:35
6AM_GL_STG,6AM_HR_STG,15-09-2021 06:00,15-09-2021 06:11
Callidus_QMT,EDW_Revenue_Accrual,15-09-2021 06:08,15-09-2021 06:09
6AM_CE_3NF,EDW_Revenue_Accrual,15-09-2021 06:13,15-09-2021 06:21
6AM_GL_3NF,6AM_CD,15-09-2021 06:21,15-09-2021 06:32
6AM_GL_DM,EDW_Revenue_Accrual,15-09-2021 06:35,15-09-2021 06:42
1PMCST_General_Ledger_load,Callidus_QMT,15-09-2021 13:18,15-09-2021 14:06
APPO_SRC_TO_STG_LOAD,CONTRACTS_SRC_TO_STG_LOAD,16-09-2021 00:09,16-09-2021 00:19
CONTRACTS_SRC_TO_STG_LOAD,Callidus_QMT,16-09-2021 00:10,16-09-2021 00:15
Callidus_QMT,AR_SRC_TO_STG_LOAD,16-09-2021 00:15,16-09-2021 00:16
Account_Research_3NF,Common_Dimensions,16-09-2021 01:42,16-09-2021 02:39
Common_Dimensions,Adobe_STG,16-09-2021 01:45,16-09-2021 01:53
Concur_Ctas,Adobe_CIF_Load,16-09-2021 02:17,16-09-2021 02:20
Adobe_CIF_Load,Callidus_QMT,16-09-2021 02:18,16-09-2021 02:34
Callidus_QMT,Account_Research_DM,16-09-2021 02:39,16-09-2021 04:15
Account_Research_DM,CSOD_STG,16-09-2021 03:00,16-09-2021 03:27
CSOD_STG,EDW_AIB_OO,16-09-2021 03:00,16-09-2021 04:22
EDW_AIB_OO,Customer_Support_DM,16-09-2021 03:40,16-09-2021 03:52
6AM_GL_STG,6AM_HR_STG,16-09-2021 06:00,16-09-2021 06:13
6AM_CE_3NF,Callidus_QMT,16-09-2021 06:17,16-09-2021 06:25
6AM_CD,6AM_GL_3NF,16-09-2021 06:25,16-09-2021 06:31
1PMCST_General_Ledger_load,Callidus_QMT,16-09-2021 13:26,16-09-2021 14:05
APPO_SRC_TO_STG_LOAD,CONTRACTS_SRC_TO_STG_LOAD,17-09-2021 00:09,17-09-2021 00:19
CONTRACTS_SRC_TO_STG_LOAD,Callidus_QMT,17-09-2021 00:10,17-09-2021 00:14
Callidus_QMT,AR_SRC_TO_STG_LOAD,17-09-2021 00:15,17-09-2021 00:16
Common_Entities_3NF,EDW_Revenue_Accrual,17-09-2021 00:52,17-09-2021 01:23
Common_Dimensions,Account_Research_3NF,17-09-2021 01:23,17-09-2021 01:33
Account_Research_3NF,EDW_Revenue_Accrual,17-09-2021 01:25,17-09-2021 02:16
Concur_STG,Appo_DM,17-09-2021 01:33,17-09-2021 01:34
Appo_DM,Adobe_STG,17-09-2021 01:45,17-09-2021 01:57
Account_Research_DM,Callidus_QMT,17-09-2021 02:18,17-09-2021 03:07
Adobe_CIF_Load,EDW_Revenue_Accrual,17-09-2021 02:29,17-09-2021 02:40
CSOD_STG,EDW_AIB_OO,17-09-2021 03:02,17-09-2021 04:20
EDW_AIB_OO,EDW_Revenue_Accrual,17-09-2021 03:07,17-09-2021 03:30
Customer_Support_DM,EDW_Revenue_Accrual,17-09-2021 03:40,17-09-2021 04:43
6AM_GL_STG,6AM_HR_STG,17-09-2021 06:00,17-09-2021 06:12
6AM_GL_3NF,6AM_CD,17-09-2021 06:22,17-09-2021 06:31
1PMCST_General_Ledger_load,EDW_Revenue_Accrual,17-09-2021 13:01,17-09-2021 14:04
APPO_SRC_TO_STG_LOAD,CONTRACTS_SRC_TO_STG_LOAD,18-09-2021 00:09,18-09-2021 00:19
CONTRACTS_SRC_TO_STG_LOAD,Callidus_QMT,18-09-2021 00:10,18-09-2021 00:14
Callidus_QMT,AR_SRC_TO_STG_LOAD,18-09-2021 00:15,18-09-2021 00:16
Common_Entities_3NF,Callidus_QMT,18-09-2021 01:16,18-09-2021 01:41
Account_Research_3NF,Common_Dimensions,18-09-2021 01:41,18-09-2021 02:31
Common_Dimensions,Adobe_STG,18-09-2021 01:45,18-09-2021 01:52
Concur_Ctas,Callidus_QMT,18-09-2021 02:17,18-09-2021 02:18
Account_Research_DM,EDW_AIB_OO,18-09-2021 03:00,18-09-2021 03:14
EDW_AIB_OO,CSOD_STG,18-09-2021 03:00,18-09-2021 03:13
CSOD_STG,Callidus_QMT,18-09-2021 03:19,18-09-2021 04:21
Customer_Support_DM,Callidus_QMT,18-09-2021 04:21,18-09-2021 04:38
Callidus_QMT,Customer_Count,18-09-2021 05:23,18-09-2021 05:26
6AM_HR_STG,6AM_GL_STG,18-09-2021 06:00,18-09-2021 06:06
6AM_GL_3NF,6AM_CD,18-09-2021 06:21,18-09-2021 06:30
6AM_CD,Callidus_QMT,18-09-2021 06:26,18-09-2021 06:27
1PMCST_General_Ledger_load,Callidus_QMT,18-09-2021 13:37,18-09-2021 14:01
Callidus_QMT,EDW_Revenue_Accrual,18-09-2021 21:51,18-09-2021 21:53
APPO_SRC_TO_STG_LOAD,CONTRACTS_SRC_TO_STG_LOAD,19-09-2021 00:09,19-09-2021 00:18
CONTRACTS_SRC_TO_STG_LOAD,Callidus_QMT,19-09-2021 00:10,19-09-2021 00:14
Callidus_QMT,AR_SRC_TO_STG_LOAD,19-09-2021 00:15,19-09-2021 00:16
Common_Entities_3NF,Callidus_QMT,19-09-2021 01:16,19-09-2021 01:36
Account_Research_3NF,Common_Dimensions,19-09-2021 01:36,19-09-2021 02:23
Common_Dimensions,Adobe_STG,19-09-2021 01:45,19-09-2021 01:49
Account_Research_DM,Adobe_CIF_Load,19-09-2021 02:51,19-09-2021 03:06
Adobe_CIF_Load,CSOD_STG,19-09-2021 03:00,19-09-2021 03:06
CSOD_STG,EDW_AIB_OO,19-09-2021 03:00,19-09-2021 04:23
EDW_AIB_OO,Callidus_QMT,19-09-2021 03:19,19-09-2021 03:31
Customer_Support_DM,Callidus_QMT,19-09-2021 04:20,19-09-2021 04:43
6AM_HR_STG,6AM_GL_STG,19-09-2021 06:00,19-09-2021 06:05
6AM_GL_3NF,6AM_CD,19-09-2021 06:22,19-09-2021 06:32
6AM_CD,Callidus_QMT,19-09-2021 06:24,19-09-2021 06:28
6AM_GL_DM,EDW_Revenue_Accrual,19-09-2021 06:36,19-09-2021 06:41
1PMCST_General_Ledger_load,Callidus_QMT,19-09-2021 13:33,19-09-2021 13:59
APPO_SRC_TO_STG_LOAD,CONTRACTS_SRC_TO_STG_LOAD,20-09-2021 00:09,20-09-2021 00:19
CONTRACTS_SRC_TO_STG_LOAD,Callidus_QMT,20-09-2021 00:10,20-09-2021 00:14
Callidus_QMT,AR_SRC_TO_STG_LOAD,20-09-2021 00:15,20-09-2021 00:17
Common_Entities_3NF,Callidus_QMT,20-09-2021 01:17,20-09-2021 01:18
Callidus_QMT,Common_Dimensions,20-09-2021 01:18,20-09-2021 01:19
Common_Dimensions,Account_Research_3NF,20-09-2021 01:18,20-09-2021 01:29
Account_Research_3NF,Appo_DM,20-09-2021 01:29,20-09-2021 02:05
Appo_DM,Concur_STG,20-09-2021 01:30,20-09-2021 01:53
Account_Research_DM,Adobe_CIF_Load,20-09-2021 02:15,20-09-2021 02:51
Adobe_CIF_Load,Callidus_QMT,20-09-2021 02:19,20-09-2021 02:30
EDW_AIB_OO,CSOD_STG,20-09-2021 03:00,20-09-2021 03:26
CSOD_STG,Callidus_QMT,20-09-2021 03:21,20-09-2021 04:23
Customer_Support_DM,Callidus_QMT,20-09-2021 04:24,20-09-2021 04:38
6AM_GL_STG,6AM_HR_STG,20-09-2021 06:00,20-09-2021 06:13
6AM_GL_3NF,6AM_CD,20-09-2021 06:24,20-09-2021 06:34
6AM_CD,Callidus_QMT,20-09-2021 06:27,20-09-2021 06:30
1PMCST_General_Ledger_load,Callidus_QMT,20-09-2021 13:38,20-09-2021 14:04
Callidus_QMT,APPO_SRC_TO_STG_LOAD,21-09-2021 00:05,21-09-2021 00:46
APPO_SRC_TO_STG_LOAD,CONTRACTS_SRC_TO_STG_LOAD,21-09-2021 00:09,21-09-2021 00:21
CONTRACTS_SRC_TO_STG_LOAD,Callidus_QMT,21-09-2021 00:10,21-09-2021 00:14
AR_SRC_TO_STG_LOAD,EDW_Revenue_Accrual,21-09-2021 00:22,21-09-2021 00:25
Common_Entities_3NF,EDW_Revenue_Accrual,21-09-2021 00:44,21-09-2021 01:21
Concur_STG,Adobe_STG,21-09-2021 01:20,21-09-2021 01:22
Adobe_STG,Account_Research_3NF,21-09-2021 01:21,21-09-2021 01:22
Account_Research_3NF,Common_Dimensions,21-09-2021 01:21,21-09-2021 02:11
Common_Dimensions,EDW_Revenue_Accrual,21-09-2021 01:21,21-09-2021 01:31
Appo_DM,EDW_Revenue_Accrual,21-09-2021 01:41,21-09-2021 01:53
Account_Research_DM,Adobe_CIF_Load,21-09-2021 02:15,21-09-2021 03:01
EDW_AIB_OO,CSOD_STG,21-09-2021 03:00,21-09-2021 03:27
CSOD_STG,Customer_Support_DM,21-09-2021 03:40,21-09-2021 04:21
Customer_Support_DM,Callidus_QMT,21-09-2021 03:49,21-09-2021 04:43
6AM_HR_STG,6AM_GL_STG,21-09-2021 06:00,21-09-2021 06:04
6AM_CD,6AM_GL_3NF,21-09-2021 06:27,21-09-2021 06:33
1PMCST_General_Ledger_load,Callidus_QMT,21-09-2021 13:06,21-09-2021 14:02
Callidus_QMT,APPO_SRC_TO_STG_LOAD,22-09-2021 00:05,22-09-2021 01:11
APPO_SRC_TO_STG_LOAD,CONTRACTS_SRC_TO_STG_LOAD,22-09-2021 00:09,22-09-2021 00:23
Common_Entities_3NF,Concur_STG,22-09-2021 01:10,22-09-2021 01:19
Account_Research_3NF,Common_Dimensions,22-09-2021 01:19,22-09-2021 02:06
Account_Research_DM,Adobe_CIF_Load,22-09-2021 02:15,22-09-2021 02:53
Adobe_CIF_Load,Callidus_QMT,22-09-2021 02:17,22-09-2021 02:31
EDW_AIB_OO,CSOD_STG,22-09-2021 03:00,22-09-2021 03:19
CSOD_STG,Callidus_QMT,22-09-2021 03:19,22-09-2021 04:21
6AM_GL_STG,6AM_HR_STG,22-09-2021 06:00,22-09-2021 06:12
6AM_CD,6AM_GL_3NF,22-09-2021 06:23,22-09-2021 06:29
6AM_GL_3NF,Callidus_QMT,22-09-2021 06:25,22-09-2021 06:31
Callidus_QMT,EDW_Revenue_Accrual,22-09-2021 08:29,22-09-2021 08:30
Callidus_QMT,EDW_Revenue_Accrual,22-09-2021 12:35,22-09-2021 12:36
1PMCST_General_Ledger_load,Callidus_QMT,22-09-2021 13:36,22-09-2021 14:01
Callidus_QMT,EDW_Revenue_Accrual,22-09-2021 20:44,22-09-2021 20:46
Callidus_QMT,APPO_SRC_TO_STG_LOAD,23-09-2021 00:05,23-09-2021 02:33
APPO_SRC_TO_STG_LOAD,CONTRACTS_SRC_TO_STG_LOAD,23-09-2021 00:09,23-09-2021 00:19
Account_Research_3NF,Common_Dimensions,23-09-2021 01:21,23-09-2021 02:12
Common_Dimensions,Concur_STG,23-09-2021 01:30,23-09-2021 01:31
Concur_STG,Appo_DM,23-09-2021 01:31,23-09-2021 01:34
Appo_DM,Adobe_STG,23-09-2021 01:45,23-09-2021 01:54
Account_Research_DM,Adobe_CIF_Load,23-09-2021 02:14,23-09-2021 03:01
CSOD_STG,EDW_AIB_OO,23-09-2021 03:00,23-09-2021 04:22
Customer_Support_DM,Callidus_QMT,23-09-2021 04:31,23-09-2021 04:44
6AM_HR_STG,6AM_GL_STG,23-09-2021 06:00,23-09-2021 06:04
6AM_GL_3NF,6AM_CD,23-09-2021 06:23,23-09-2021 06:32
6AM_GL_DM,Callidus_QMT,23-09-2021 06:34,23-09-2021 06:42
1PMCST_General_Ledger_load,Callidus_QMT,23-09-2021 13:45,23-09-2021 14:02
APPO_SRC_TO_STG_LOAD,CONTRACTS_SRC_TO_STG_LOAD,24-09-2021 00:09,24-09-2021 00:18
CONTRACTS_SRC_TO_STG_LOAD,Callidus_QMT,24-09-2021 00:10,24-09-2021 00:13
Common_Entities_3NF,Concur_STG,24-09-2021 00:43,24-09-2021 01:19
Callidus_QMT,Account_Research_3NF,24-09-2021 01:19,24-09-2021 03:19
Account_Research_3NF,Common_Dimensions,24-09-2021 01:19,24-09-2021 02:08
Appo_DM,Adobe_STG,24-09-2021 01:45,24-09-2021 01:52
Account_Research_DM,Adobe_CIF_Load,24-09-2021 02:17,24-09-2021 03:00
CSOD_STG,EDW_AIB_OO,24-09-2021 03:09,24-09-2021 04:21
Customer_Support_DM,Callidus_QMT,24-09-2021 04:19,24-09-2021 04:46
6AM_HR_STG,6AM_GL_STG,24-09-2021 06:00,24-09-2021 06:05
6AM_CE_3NF,Callidus_QMT,24-09-2021 06:22,24-09-2021 06:24
6AM_GL_3NF,6AM_CD,24-09-2021 06:24,24-09-2021 06:34
Callidus_QMT,EDW_Revenue_Accrual,24-09-2021 07:25,24-09-2021 07:26
1PMCST_General_Ledger_load,EDW_Revenue_Accrual,24-09-2021 13:03,24-09-2021 14:04
APPO_SRC_TO_STG_LOAD,CONTRACTS_SRC_TO_STG_LOAD,25-09-2021 00:09,25-09-2021 00:17
Common_Dimensions,Account_Research_3NF,25-09-2021 01:18,25-09-2021 01:28
Account_Research_3NF,Appo_DM,25-09-2021 01:28,25-09-2021 02:13
Appo_DM,Concur_STG,25-09-2021 01:30,25-09-2021 01:52
Adobe_CIF_Load,Account_Research_DM,25-09-2021 02:13,25-09-2021 02:32
Account_Research_DM,Callidus_QMT,25-09-2021 02:52,25-09-2021 03:09
Callidus_QMT,EDW_AIB_OO,25-09-2021 03:00,25-09-2021 04:45
EDW_AIB_OO,CSOD_STG,25-09-2021 03:00,25-09-2021 03:32
CSOD_STG,Customer_Support_DM,25-09-2021 03:40,25-09-2021 04:20
Customer_Support_DM,Customer_Count,25-09-2021 04:00,25-09-2021 05:13
6AM_GL_STG,6AM_HR_STG,25-09-2021 06:00,25-09-2021 06:13
6AM_CD,6AM_GL_3NF,25-09-2021 06:23,25-09-2021 06:29
1PMCST_General_Ledger_load,Callidus_QMT,25-09-2021 13:56,25-09-2021 14:00
APPO_SRC_TO_STG_LOAD,CONTRACTS_SRC_TO_STG_LOAD,26-09-2021 00:09,26-09-2021 00:18
CONTRACTS_SRC_TO_STG_LOAD,Callidus_QMT,26-09-2021 00:10,26-09-2021 00:13
Account_Research_3NF,Common_Dimensions,26-09-2021 01:14,26-09-2021 01:59
Common_Dimensions,Callidus_QMT,26-09-2021 01:15,26-09-2021 01:24
Appo_DM,Concur_STG,26-09-2021 01:30,26-09-2021 01:45
Adobe_STG,Concur_Ctas,26-09-2021 01:45,26-09-2021 01:46
Account_Research_DM,Adobe_CIF_Load,26-09-2021 02:16,26-09-2021 02:48
Adobe_CIF_Load,Callidus_QMT,26-09-2021 02:18,26-09-2021 02:31
EDW_AIB_OO,CSOD_STG,26-09-2021 03:00,26-09-2021 03:29
CSOD_STG,Callidus_QMT,26-09-2021 03:20,26-09-2021 04:22
Customer_Support_DM,EDW_Revenue_Accrual,26-09-2021 03:43,26-09-2021 04:43
6AM_GL_STG,EDW_Revenue_Accrual,26-09-2021 06:00,26-09-2021 06:11
6AM_CD,6AM_GL_3NF,26-09-2021 06:22,26-09-2021 06:29
6AM_GL_3NF,Callidus_QMT,26-09-2021 06:24,26-09-2021 06:30
1PMCST_General_Ledger_load,Callidus_QMT,26-09-2021 13:34,26-09-2021 14:00
EDW_Revenue_Accrual,Callidus_QMT,26-09-2021 16:39,26-09-2021 16:40
CONTRACTS_SRC_TO_STG_LOAD,Callidus_QMT,27-09-2021 00:10,27-09-2021 00:11
APPO_SRC_TO_STG_LOAD,AR_SRC_TO_STG_LOAD,27-09-2021 03:33,27-09-2021 03:35
Common_Entities_3NF,Adobe_STG,27-09-2021 03:49,27-09-2021 04:30
CSOD_STG,Callidus_QMT,27-09-2021 04:19,27-09-2021 05:34
Common_Dimensions,Account_Research_3NF,27-09-2021 04:38,27-09-2021 04:40
Account_Research_3NF,EDW_AIB_OO,27-09-2021 04:40,27-09-2021 05:29
EDW_AIB_OO,Appo_DM,27-09-2021 04:41,27-09-2021 06:47
Appo_DM,Customer_Support_DM,27-09-2021 04:42,27-09-2021 05:01
Customer_Support_DM,Concur_Ctas,27-09-2021 05:01,27-09-2021 05:39
Adobe_CIF_Load,Callidus_QMT,27-09-2021 05:21,27-09-2021 05:29
Account_Research_DM,6AM_GL_STG,27-09-2021 06:00,27-09-2021 06:17
6AM_GL_STG,6AM_HR_STG,27-09-2021 06:00,27-09-2021 06:13
6AM_CE_3NF,6AM_CD,27-09-2021 06:38,27-09-2021 06:39
6AM_CD,6AM_GL_3NF,27-09-2021 06:38,27-09-2021 06:45
6AM_GL_3NF,6AM_GL_DM,27-09-2021 06:45,27-09-2021 06:48
1PMCST_General_Ledger_load,Callidus_QMT,27-09-2021 13:35,27-09-2021 23:32
Callidus_QMT,EDW_Revenue_Accrual,27-09-2021 22:51,27-09-2021 22:52
APPO_SRC_TO_STG_LOAD,CONTRACTS_SRC_TO_STG_LOAD,28-09-2021 00:09,28-09-2021 00:18
CONTRACTS_SRC_TO_STG_LOAD,Callidus_QMT,28-09-2021 00:10,28-09-2021 00:13
Callidus_QMT,AR_SRC_TO_STG_LOAD,28-09-2021 00:15,28-09-2021 02:48
AR_SRC_TO_STG_LOAD,EDW_Revenue_Accrual,28-09-2021 00:20,28-09-2021 00:24
Common_Entities_3NF,EDW_Revenue_Accrual,28-09-2021 01:19,28-09-2021 01:21
Account_Research_3NF,Common_Dimensions,28-09-2021 01:21,28-09-2021 02:11
Common_Dimensions,EDW_Revenue_Accrual,28-09-2021 01:29,28-09-2021 01:31
Concur_STG,Appo_DM,28-09-2021 01:31,28-09-2021 01:33
Appo_DM,Adobe_STG,28-09-2021 01:45,28-09-2021 01:56
EDW_Revenue_Accrual,Concur_Ctas,28-09-2021 01:56,28-09-2021 01:57
Account_Research_DM,EDW_Revenue_Accrual,28-09-2021 02:12,28-09-2021 03:00
Adobe_CIF_Load,EDW_Revenue_Accrual,28-09-2021 02:23,28-09-2021 02:36
EDW_AIB_OO,CSOD_STG,28-09-2021 03:00,28-09-2021 03:29
CSOD_STG,Customer_Support_DM,28-09-2021 03:40,28-09-2021 04:25
Customer_Support_DM,Callidus_QMT,28-09-2021 03:48,28-09-2021 04:46
6AM_HR_STG,6AM_GL_STG,28-09-2021 06:00,28-09-2021 06:05
6AM_GL_3NF,6AM_CD,28-09-2021 06:23,28-09-2021 06:34
1PMCST_General_Ledger_load,Callidus_QMT,28-09-2021 13:05,28-09-2021 14:04
Callidus_QMT,APPO_SRC_TO_STG_LOAD,29-09-2021 00:05,29-09-2021 01:59
APPO_SRC_TO_STG_LOAD,CONTRACTS_SRC_TO_STG_LOAD,29-09-2021 00:09,29-09-2021 00:19
CONTRACTS_SRC_TO_STG_LOAD,Callidus_QMT,29-09-2021 00:10,29-09-2021 00:14
Account_Research_3NF,Common_Dimensions,29-09-2021 01:25,29-09-2021 02:21
Common_Dimensions,Concur_STG,29-09-2021 01:30,29-09-2021 01:42
Appo_DM,Adobe_STG,29-09-2021 01:45,29-09-2021 02:10
Adobe_CIF_Load,Account_Research_DM,29-09-2021 02:21,29-09-2021 02:36
Account_Research_DM,EDW_AIB_OO,29-09-2021 03:00,29-09-2021 03:09
EDW_AIB_OO,CSOD_STG,29-09-2021 03:00,29-09-2021 03:33
CSOD_STG,Callidus_QMT,29-09-2021 03:04,29-09-2021 04:24
EDW_AIB_REVACC,Customer_Support_DM,29-09-2021 03:40,29-09-2021 04:07
Customer_Support_DM,Callidus_QMT,29-09-2021 04:06,29-09-2021 04:52
6AM_GL_STG,6AM_HR_STG,29-09-2021 06:00,29-09-2021 06:13
6AM_GL_3NF,6AM_CD,29-09-2021 06:23,29-09-2021 06:33
1PMCST_General_Ledger_load,Callidus_QMT,29-09-2021 13:23,29-09-2021 14:04
APPO_SRC_TO_STG_LOAD,CONTRACTS_SRC_TO_STG_LOAD,30-09-2021 00:09,30-09-2021 00:20
CONTRACTS_SRC_TO_STG_LOAD,Callidus_QMT,30-09-2021 00:10,30-09-2021 00:14
Callidus_QMT,AR_SRC_TO_STG_LOAD,30-09-2021 00:15,30-09-2021 00:17
Common_Entities_3NF,Callidus_QMT,30-09-2021 01:17,30-09-2021 01:22
Callidus_QMT,Account_Research_3NF,30-09-2021 01:22,30-09-2021 03:22
Account_Research_3NF,Common_Dimensions,30-09-2021 01:22,30-09-2021 02:13
Common_Dimensions,Concur_STG,30-09-2021 01:30,30-09-2021 01:33
Appo_DM,Adobe_STG,30-09-2021 01:45,30-09-2021 01:55
Adobe_CIF_Load,Account_Research_DM,30-09-2021 02:13,30-09-2021 02:35
Account_Research_DM,EDW_AIB_OO,30-09-2021 03:00,30-09-2021 03:07
EDW_AIB_OO,CSOD_STG,30-09-2021 03:00,30-09-2021 03:32
CSOD_STG,Customer_Support_DM,30-09-2021 03:40,30-09-2021 04:23
Customer_Support_DM,Callidus_QMT,30-09-2021 04:22,30-09-2021 04:49
6AM_GL_STG,6AM_HR_STG,30-09-2021 06:00,30-09-2021 06:13
6AM_GL_3NF,6AM_CD,30-09-2021 06:23,30-09-2021 06:32
6AM_CD,Callidus_QMT,30-09-2021 06:25,30-09-2021 06:29
1PMCST_General_Ledger_load,Callidus_QMT,30-09-2021 13:39,30-09-2021 14:22
AR_SRC_TO_STG_LOAD,CONTRACTS_SRC_TO_STG_LOAD,07-10-2021 06:55,07-10-2021 07:04
Common_Entities_3NF,Callidus_QMT,07-10-2021 08:32,07-10-2021 08:38
Account_Research_3NF,Callidus_QMT,07-10-2021 09:35,07-10-2021 10:20
Callidus_QMT,Adobe_CIF_Load,07-10-2021 10:29,07-10-2021 15:54
EDW_AIB_REVACC,Appo_DM,07-10-2021 14:23,07-10-2021 14:52
Concur_Ctas,Customer_Count,07-10-2021 18:42,07-10-2021 18:43
Customer_Support_DM,Callidus_QMT,07-10-2021 18:58,07-10-2021 19:56
Callidus_QMT,APPO_SRC_TO_STG_LOAD,08-10-2021 00:05,07-11-2021 01:15
APPO_SRC_TO_STG_LOAD,CONTRACTS_SRC_TO_STG_LOAD,08-10-2021 00:09,08-10-2021 00:20
Common_Entities_3NF,Concur_STG,08-10-2021 01:30,08-10-2021 01:37
Common_Dimensions,Account_Research_3NF,08-10-2021 01:37,08-10-2021 01:52
Account_Research_3NF,Adobe_STG,08-10-2021 01:45,08-10-2021 02:34
Appo_DM,Callidus_QMT,08-10-2021 02:10,08-10-2021 02:18
Adobe_CIF_Load,Concur_Ctas,08-10-2021 02:18,08-10-2021 02:31
Account_Research_DM,EDW_AIB_OO,08-10-2021 03:00,08-10-2021 03:23
EDW_AIB_OO,Callidus_QMT,08-10-2021 03:13,08-10-2021 03:48
Customer_Support_DM,Callidus_QMT,08-10-2021 04:15,08-10-2021 04:55
6AM_HR_STG,6AM_GL_STG,08-10-2021 06:00,08-10-2021 06:05
6AM_CE_3NF,Callidus_QMT,08-10-2021 06:18,08-10-2021 06:23
6AM_GL_3NF,6AM_CD,08-10-2021 06:23,08-10-2021 06:33
1PMCST_General_Ledger_load,Callidus_QMT,08-10-2021 13:29,08-11-2021 00:45
Callidus_QMT,EDW_Revenue_Accrual,08-10-2021 23:46,08-10-2021 23:47
APPO_SRC_TO_STG_LOAD,CONTRACTS_SRC_TO_STG_LOAD,09-10-2021 00:09,09-10-2021 00:20
CONTRACTS_SRC_TO_STG_LOAD,Callidus_QMT,09-10-2021 00:10,09-10-2021 00:14
Callidus_QMT,AR_SRC_TO_STG_LOAD,09-10-2021 00:15,09-10-2021 02:53
Common_Entities_3NF,Adobe_STG,09-10-2021 01:45,09-10-2021 02:23
Account_Research_3NF,Common_Dimensions,09-10-2021 02:23,09-10-2021 03:27
Appo_DM,CSOD_STG,09-10-2021 03:00,09-10-2021 03:14
CSOD_STG,Adobe_CIF_Load,09-10-2021 03:07,09-10-2021 04:08
Adobe_CIF_Load,Concur_Ctas,09-10-2021 03:14,09-10-2021 03:24
Account_Research_DM,Customer_Support_DM,09-10-2021 03:40,09-10-2021 04:14
Customer_Support_DM,Callidus_QMT,09-10-2021 03:53,09-10-2021 04:53
6AM_HR_STG,6AM_GL_STG,09-10-2021 06:00,09-10-2021 06:06
6AM_GL_3NF,6AM_CD,09-10-2021 06:24,09-10-2021 06:33
1PMCST_General_Ledger_load,Callidus_QMT,09-10-2021 13:09,09-10-2021 14:03
APPO_SRC_TO_STG_LOAD,CONTRACTS_SRC_TO_STG_LOAD,07-11-2021 00:09,07-11-2021 00:18
CONTRACTS_SRC_TO_STG_LOAD,Callidus_QMT,07-11-2021 00:10,07-11-2021 00:13
Common_Entities_3NF,Callidus_QMT,07-11-2021 01:10,07-11-2021 01:16
Customer_Support_DM,EDW_Revenue_Accrual,07-11-2021 03:44,07-11-2021 04:57
Common_Entities_3NF,EDW_Revenue_Accrual,07-11-2021 03:49,07-11-2021 03:53
Account_Research_3NF,Common_Dimensions,07-11-2021 03:53,07-11-2021 04:41
Common_Dimensions,EDW_Revenue_Accrual,07-11-2021 03:54,07-11-2021 04:19
Callidus_QMT,EDW_Revenue_Accrual,07-11-2021 04:16,07-11-2021 04:17
Adobe_CIF_Load,Appo_DM,07-11-2021 04:19,07-11-2021 04:35
Appo_DM,EDW_AIB_OO,07-11-2021 04:19,07-11-2021 04:41
EDW_AIB_OO,Concur_Ctas,07-11-2021 04:41,07-11-2021 05:57
Concur_Ctas,Account_Research_DM,07-11-2021 04:41,07-11-2021 04:43
Account_Research_DM,Callidus_QMT,07-11-2021 05:17,07-11-2021 05:32
6AM_HR_STG,6AM_GL_STG,07-11-2021 06:00,07-11-2021 06:04
6AM_CE_3NF,Callidus_QMT,07-11-2021 06:18,07-11-2021 06:22
6AM_GL_3NF,6AM_CD,07-11-2021 06:23,07-11-2021 06:32
Callidus_QMT,APPO_SRC_TO_STG_LOAD,08-11-2021 00:05,07-12-2021 01:19
APPO_SRC_TO_STG_LOAD,CONTRACTS_SRC_TO_STG_LOAD,08-11-2021 00:09,08-11-2021 00:25
CONTRACTS_SRC_TO_STG_LOAD,Callidus_QMT,08-11-2021 00:10,08-11-2021 00:16
Callidus_QMT,AR_SRC_TO_STG_LOAD,08-11-2021 00:15,08-11-2021 00:20
AR_SRC_TO_STG_LOAD,EDW_Revenue_Accrual,08-11-2021 00:21,08-11-2021 00:29
Common_Entities_3NF,EDW_Revenue_Accrual,08-11-2021 00:56,08-11-2021 01:34
Callidus_QMT,Adobe_STG,08-11-2021 01:24,08-11-2021 03:11
Account_Research_3NF,Common_Dimensions,08-11-2021 01:34,08-11-2021 02:31
Appo_DM,Concur_STG,08-11-2021 01:53,08-11-2021 02:13
Adobe_CIF_Load,Account_Research_DM,08-11-2021 02:31,08-11-2021 02:34
Account_Research_DM,EDW_AIB_OO,08-11-2021 03:00,08-11-2021 03:21
EDW_AIB_OO,EDW_Revenue_Accrual,08-11-2021 03:24,08-11-2021 03:46
Customer_Support_DM,EDW_Revenue_Accrual,08-11-2021 03:41,08-11-2021 04:54
6AM_GL_STG,6AM_HR_STG,08-11-2021 06:00,08-11-2021 06:13
6AM_CE_3NF,Callidus_QMT,08-11-2021 06:15,08-11-2021 06:24
6AM_GL_3NF,6AM_CD,08-11-2021 06:24,08-11-2021 06:34
1PMCST_General_Ledger_load,Callidus_QMT,08-11-2021 13:29,08-11-2021 14:05
Callidus_QMT,APPO_SRC_TO_STG_LOAD,09-11-2021 00:05,08-12-2021 02:29
APPO_SRC_TO_STG_LOAD,CONTRACTS_SRC_TO_STG_LOAD,09-11-2021 00:09,09-11-2021 00:22
CONTRACTS_SRC_TO_STG_LOAD,Callidus_QMT,09-11-2021 00:10,09-11-2021 00:15
Callidus_QMT,AR_SRC_TO_STG_LOAD,09-11-2021 00:15,09-11-2021 00:21
Common_Entities_3NF,Callidus_QMT,09-11-2021 01:21,09-11-2021 01:34
Callidus_QMT,Concur_STG,09-11-2021 01:30,09-11-2021 03:40
Common_Dimensions,Account_Research_3NF,09-11-2021 01:34,09-11-2021 01:47
Account_Research_3NF,Adobe_STG,09-11-2021 01:45,09-11-2021 02:38
Account_Research_DM,EDW_AIB_OO,09-11-2021 03:00,09-11-2021 03:48
EDW_AIB_OO,CSOD_STG,09-11-2021 03:00,09-11-2021 03:42
CSOD_STG,Customer_Support_DM,09-11-2021 03:49,09-11-2021 04:25
Customer_Support_DM,Customer_Count,09-11-2021 04:00,09-11-2021 04:57
6AM_HR_STG,6AM_GL_STG,09-11-2021 06:00,09-11-2021 06:06
6AM_CD,6AM_GL_3NF,09-11-2021 06:24,09-11-2021 06:30
6AM_GL_DM,Callidus_QMT,09-11-2021 06:44,09-11-2021 06:45
1PMCST_General_Ledger_load,Callidus_QMT,09-11-2021 13:54,09-11-2021 14:00
Callidus_QMT,EDW_Revenue_Accrual,09-11-2021 16:11,09-11-2021 20:10
APPO_SRC_TO_STG_LOAD,CONTRACTS_SRC_TO_STG_LOAD,07-12-2021 00:09,07-12-2021 00:19
CONTRACTS_SRC_TO_STG_LOAD,Callidus_QMT,07-12-2021 00:10,07-12-2021 00:14
Common_Entities_3NF,Concur_STG,07-12-2021 00:54,07-12-2021 01:29
Account_Research_3NF,Common_Dimensions,07-12-2021 01:29,07-12-2021 02:15
Common_Dimensions,Adobe_STG,07-12-2021 01:45,07-12-2021 01:55
Appo_DM,Callidus_QMT,07-12-2021 02:04,07-12-2021 02:16
Adobe_CIF_Load,Account_Research_DM,07-12-2021 02:15,07-12-2021 02:29
Account_Research_DM,Concur_Ctas,07-12-2021 02:16,07-12-2021 02:59
EDW_AIB_OO,Callidus_QMT,07-12-2021 03:07,07-12-2021 03:28
Customer_Support_DM,Callidus_QMT,07-12-2021 04:09,07-12-2021 05:14
6AM_GL_STG,6AM_HR_STG,07-12-2021 06:00,07-12-2021 06:14
6AM_CD,6AM_GL_3NF,07-12-2021 06:24,07-12-2021 06:45
Callidus_QMT,EDW_Revenue_Accrual,07-12-2021 11:21,07-12-2021 11:23
APPO_SRC_TO_STG_LOAD,CONTRACTS_SRC_TO_STG_LOAD,08-12-2021 00:09,08-12-2021 00:20
CONTRACTS_SRC_TO_STG_LOAD,Callidus_QMT,08-12-2021 00:10,08-12-2021 00:16
Common_Entities_3NF,Concur_STG,08-12-2021 01:28,08-12-2021 01:34
Concur_STG,Adobe_STG,08-12-2021 01:30,08-12-2021 01:34
Common_Dimensions,Account_Research_3NF,08-12-2021 01:34,08-12-2021 01:53
Account_Research_3NF,Appo_DM,08-12-2021 01:53,08-12-2021 02:39
Adobe_CIF_Load,Concur_Ctas,08-12-2021 02:20,08-12-2021 02:37
Account_Research_DM,EDW_AIB_OO,08-12-2021 03:00,08-12-2021 03:25
EDW_AIB_OO,Callidus_QMT,08-12-2021 03:34,08-12-2021 03:49
Customer_Support_DM,Callidus_QMT,08-12-2021 04:35,08-12-2021 05:05
6AM_GL_STG,6AM_HR_STG,08-12-2021 06:00,08-12-2021 06:12
6AM_CD,6AM_GL_3NF,08-12-2021 06:22,08-12-2021 06:28
6AM_GL_DM,Callidus_QMT,08-12-2021 06:39,08-12-2021 06:42
1PMCST_General_Ledger_load,EDW_Revenue_Accrual,08-12-2021 13:34,08-12-2021 14:06
Callidus_QMT,EDW_Revenue_Accrual,08-12-2021 16:05,08-12-2021 23:49
APPO_SRC_TO_STG_LOAD,CONTRACTS_SRC_TO_STG_LOAD,09-12-2021 00:09,09-12-2021 00:18
CONTRACTS_SRC_TO_STG_LOAD,Callidus_QMT,09-12-2021 00:10,09-12-2021 00:13
Common_Entities_3NF,Callidus_QMT,09-12-2021 01:15,09-12-2021 01:21
Account_Research_3NF,Common_Dimensions,09-12-2021 01:22,09-12-2021 02:10
Common_Dimensions,Concur_STG,09-12-2021 01:30,09-12-2021 01:31
Appo_DM,Adobe_STG,09-12-2021 01:45,09-12-2021 01:54
Account_Research_DM,Callidus_QMT,09-12-2021 02:16,09-12-2021 02:57
Callidus_QMT,Adobe_CIF_Load,09-12-2021 02:17,09-12-2021 02:18
EDW_AIB_OO,CSOD_STG,09-12-2021 03:00,09-12-2021 03:29
CSOD_STG,Callidus_QMT,09-12-2021 03:18,09-12-2021 04:20
Customer_Support_DM,Callidus_QMT,09-12-2021 04:20,09-12-2021 04:49
6AM_GL_STG,6AM_HR_STG,09-12-2021 06:00,09-12-2021 06:12
6AM_CE_3NF,Callidus_QMT,09-12-2021 06:22,09-12-2021 06:23
Callidus_QMT,6AM_CD,09-12-2021 06:23,09-12-2021 06:24
6AM_CD,6AM_GL_3NF,09-12-2021 06:23,09-12-2021 06:29
1PMCST_General_Ledger_load,Callidus_QMT,09-12-2021 13:29,09-12-2021 14:01
